variance,skewness,curtosis,entropy,class
3.6216,8.6661,-2.8073,-0.44699,0
4.5459,8.1674,-2.4586,-1.4621,0
3.866,-2.6383,1.9242,0.10645,0
3.4566,9.5228,-4.0112,-3.5944,0
0.32924,-4.4552,4.5718,-0.9888,0
5.493621667489646,10.90430024653151,-4.292253687636744,-1.7103943605455367,0
3.7812636244314093,8.34706699668585,-2.7628563467760343,-1.3025758272066907,0
4.065757803129486,7.1301469961138455,-2.5223707952266903,-0.5162943684551986,0
3.345392299788176,10.062279642093278,-1.8765319974756358,-2.7332194805492787,0
1.974329824206378,-6.896887299942044,4.98952719000951,-4.908140247759551,1
-0.023331323851517427,-2.053414456100943,5.968597882663444,-1.332057670452837,0
1.2756264989200465,-3.136818803142031,9.253292668206093,1.153170374034738,0
2.8590601532814306,7.1407491892056685,-2.545673604946996,-2.0127018204927856,0
5.81851021669034,6.3539586628401405,-1.5065148251460565,1.145222536797168,1
-2.6870665790949655,-2.255906048430359,4.2163357574586895,-1.8095666173726008,1
-0.6322460436398298,11.661761772393861,-5.8787256818241,-2.025983624692123,1
4.244832283480434,6.236284656210051,-2.1576218437788115,-1.6889425026927882,0
2.7971670926529897,-5.628407741628672,0.34568334260415967,1.5938725675424534,1
5.452404235404148,9.323602219319369,-3.8668204075340777,0.5795448662267122,1
-0.2893370928891553,-3.1089489944520494,4.058539634614891,-1.7244514482655227,1
2.8052900908778517,7.154113560736953,-5.078501374424949,4.425226832962569,0
3.88647766018951,5.47817013360853,-5.897313616934524,-0.7864825226814127,0
0.028457569401917127,-2.691327750898434,2.0446604198820526,5.032934224970572,1
3.3964815847732006,7.324403559320234,-1.7789580716267126,-1.476860299889146,1
5.203663894086094,6.847325090410522,-0.0017113781278017548,-3.2506921255845618,1
2.564827349738623,7.034804540794457,-2.259297269824718,-2.469051308232398,0
-0.7430802003580446,-2.2621422870102346,5.427825681978854,-5.928197730135195,1
4.957200268013341,5.280433296607523,-4.514021728176978,0.020381270090436,1
0.651033530877545,-2.2690322829353917,2.443965588496847,1.6700957435546206,0
0.546663599254771,-4.243672705944478,6.413133431426142,-1.4422449110987237,1
4.042744946597362,8.094097163947264,-0.2796509777104865,-2.6467341581764248,1
2.3636411506721435,-4.89915610624106,3.464154719861587,2.643229044807804,0
-0.16153623200574102,-5.962672328714978,2.792771140748953,-2.6204205699308765,1
6.040363941373268,9.742020007383992,2.661544318123483,-0.25945913969610646,1
1.7242150038777755,-1.6733551695136295,1.4772744293482982,1.534450988184184,0
8.783672424459983,11.260473510943019,-4.3576380903577165,-2.655894663125505,0
2.5218995790821777,-5.126022048141679,5.842025101803958,-3.149201740080971,0
4.3371747206965665,9.787669052736469,-0.6411975136494461,1.660614104069806,1
4.230498239741705,9.180514981960213,-2.7594363710683263,1.2968379776247856,0
5.774003526986405,-1.335517497388404,1.2936615107193088,1.6243884409865348,1
3.3773277159207615,8.453474516299872,-7.588193009960992,-2.879790916126732,1
-0.11707557306282768,-1.786248266331996,0.8416291167200651,1.6600960088512065,1
2.7075568818190603,6.940367773727635,-5.5422187316146765,-2.749772476671871,1
3.407211049677748,7.693665428493752,0.3786635885189291,-1.3148731980201034,1
4.875974557960914,-0.9067896116597571,-0.47639281411155254,-0.5625524716818967,0
5.512363380175135,11.19891371074575,-2.0527074690791816,2.85571197295898,1
1.2544536641109243,9.124040864460875,-3.4860725863563937,-2.0775318730438475,1
4.344238856292456,11.072068106858673,-5.865060943156165,-3.7134507121236,1
-0.5333231431152985,6.9224143168131205,-0.9250646962818321,-0.9478723856975266,1
3.6252272223893525,10.177970563583305,1.059785258859983,0.38075967450161485,1
-0.33815396497731554,12.083881523354927,-5.24146735554266,0.6282352832325038,0
5.107883735470065,6.9220009603588135,-2.8748445007145507,-2.4481018693176657,1
3.564757084801866,5.233251108112057,-4.893222787205703,2.2059533366380957,0
4.647387917710533,9.15659978376343,0.8980110196457907,-5.211037749719024,0
2.118194543637574,11.84667463549355,-0.9054804483213483,-4.473435750948554,0
-0.32270628196297746,2.052770252175213,1.4818021028060047,-2.6742701929738444,0
3.7233188186803714,10.135447089126181,-2.2514638311153004,-0.9268279716737504,1
0.03750979972957014,7.772552976420185,-0.39745415644285176,-2.840310938427044,1
4.52140645430617,6.372891257028337,-2.3069908836125474,-2.816423423024223,0
6.323868588554307,9.15952846645175,-2.347455686112066,-1.3416341570218155,1
4.984218405229055,-0.8932168171390413,4.232908676817848,-0.8483134611506415,0
-0.6175518699442781,12.662864561085344,-4.6158484841526155,-3.6035256579805925,1
2.8715164519618295,-2.9134737970719202,5.55717296760081,-0.8110539877365128,0
-1.2626839629213875,-0.3528482334123355,-1.8692944403658447,1.3046366516582821,1
4.403854775455129,9.631501155877142,0.5403225951344073,-2.781946629900143,1
6.330109345099107,8.11940004598434,-4.29776651743416,-4.79560936249917,1
-2.0890047791219715,-1.2769117355948976,3.057987818976808,-2.7389576457362352,0
3.7847352548685183,-7.440402728831385,3.279201001398502,-1.795909913693822,0
5.349926033058931,0.3150172508592579,3.324685906724838,-0.15814888788492526,1
7.345093295705466,7.2725439514837245,-1.7773694974232805,-1.4896559105343838,0
3.227520309494764,11.998432623946924,-7.200055317588734,-4.793150045907545,1
5.184975157737429,8.553956123698772,0.7336858878032673,-0.2599921115769268,1
-1.8060008587651888,-4.739958970042586,4.812391263423797,0.04007766811749802,1
-3.4997384272731127,8.986273876100975,-5.047024511611268,-1.8087492714022892,0
1.1566655999041484,-1.7710229913881692,-0.6457760193687516,-2.298970567648156,0
2.9986993464563056,-3.322917277248799,-1.5375462075311348,2.995127583963622,0
-0.43686171018797726,12.588706943927274,-3.3337834251439196,0.6226285801625338,1
1.1391351212896903,8.056304602206763,-1.6904691021213856,-1.5274894961881862,0
0.2273991009401417,-0.8090889688118312,-2.4255650053061943,4.170735051918438,1
3.5440053361685475,11.670164024197504,-3.8591039202072293,-2.888480048922196,0
-1.3017581465769772,-5.5732509864677136,1.7036222615349517,-1.3718656478265858,1
2.615523632892887,-3.185519487007937,5.8527059339897995,-0.28799334170704755,1
6.24860852920102,6.9266725549288966,-3.9314243445152925,-0.30309119690029185,0
6.911535427002567,8.168027920887244,-1.6541860738884673,0.1755103090870722,1
6.504174820387616,4.609305886273042,-5.632211693958437,-5.4034837675741425,0
-2.7917718287653415,-4.041821073997846,3.8722324780862953,-5.210199042300357,1
0.4839766152952366,-6.177768402656527,7.618048154539315,0.08902008736931732,0
1.7521485303896533,-5.033955894265382,1.74139496096497,0.20200227142084615,0
2.733754321146045,9.045813265231883,-4.927419805662753,-4.8463858605088,1
3.718643255889654,7.004199767177925,-2.2663863484403226,-0.547466218898274,0
7.211929113277927,8.517084706937656,-1.6746197389619555,1.2166463522105255,0
1.6372140997030942,10.800047299675288,-3.579478703621989,-0.17640867362233248,0
5.394504397218046,-2.6167036703806,3.6880598207664796,-3.2632942779354783,1
5.878585618428881,-3.792083739046298,3.595584224130284,-2.152963709315236,0
2.906052680356979,-3.5261667895143014,3.4523160505434554,2.021250229321642,0
4.792801903513425,9.144384681008646,-2.8525931262555586,-2.5998164443384493,0
-0.8182676006163294,-5.816688549141107,6.056529832518236,-0.5018869786002247,0
3.3657547978509776,-0.036195133675400726,0.5713739590319227,-4.354209815251778,1
0.8240802382907066,10.161280136556806,-1.084936418914708,-6.141286005029773,0
3.9519887602411536,9.803973348939284,-4.556913427489404,-1.247735746335106,0
5.522306980780211,-0.6185100779006798,0.9304819346547571,0.8821397630609323,1
2.644050541220431,10.043857974148032,-8.500805815414619,-2.242782539911839,0
2.508661103791025,14.119793856309947,0.3699025252248269,-2.4092775619542173,0
5.820548097243629,10.239143690722697,-4.235145041189234,-2.9415532698585714,1
3.083931646409649,7.786371424769165,-1.5205921378918597,2.682419169867058,1
2.6607043893893696,-0.03460166367980966,0.6693622312450458,-0.8843284858624937,1
8.533982203474974,10.570705334215587,-5.187373652629105,-3.861201715783088,0
-1.5012427599927303,-3.9629926354196354,6.6753669340318,-1.4835355017202092,1
2.7850306014197432,12.860843050578787,-4.530382702727209,-6.600685906236212,0
2.994730939582644,10.915212729626838,-0.3132878101093093,-1.341269940904485,1
0.2551681725617641,-3.5963035092326607,6.7864477924872295,-0.6368866855575117,0
3.190767574532585,8.465973126944956,-4.023687410468961,-0.1135390625064494,0
9.685753679380667,5.953191090799958,0.31856453808057594,-6.780802714098746,1
-0.3838241798881533,-3.9786074757571024,3.4363619304486184,-1.4318441933694341,0
6.4515273829933255,8.916192062332893,-3.320934055851464,1.6015831635587805,0
9.688644719377566,8.465410733800649,-0.8334788072738717,-5.223483538549022,0
-0.15141079631627008,-5.204841615099195,5.993719936406983,-0.1002733770279205,0
2.5515333637650124,-4.513011364446642,-1.4153583441368003,3.6358238685254376,1
5.466804324599312,8.507925428184036,-4.669861996639604,-3.788052074786821,1
-0.7072588157674442,12.915712736580076,-3.589165065594763,-3.7878262237407845,1
4.434945178339081,-2.5611969692982166,-0.7443760311119134,-0.13644327896867892,1
4.639719076866147,-3.110685431172455,3.3260909937974326,-1.825086068018544,0
2.786480639381277,-4.194909450804626,2.315890510195363,-1.8502955552300642,1
3.951140532663887,-4.496897521330272,2.774200183515071,-2.808067794979945,0
5.850763871452369,-4.886571053802514,3.9252694214078874,1.2973318057798378,1
3.916015658739205,8.22101705565772,-1.158469223485079,-0.6962175626869389,0
1.3158758017617784,-4.085527752610252,2.8550844396375723,0.4118197588179827,1
3.6109270583266735,7.348562348437287,-6.186414452156541,1.5272544002574204,1
-1.7625853377141967,-8.016313366420965,6.107766539389139,2.2136764542840814,0
5.428045433647127,8.333870903723556,-3.576184188612878,0.2973425696553682,1
6.15550635746761,10.027906691907083,-2.3791166081791455,-1.4394030420475614,1
6.182869469277079,8.435095308492,-1.5653205369658285,-1.8886447519315828,1
6.169866764366908,4.097819016304053,-1.3154884373419269,-0.9995877702747515,1
0.48855571505517337,-2.4285679278892927,0.41176487830619735,-3.557081768179926,0
5.92968907893727,-5.609420746073944,2.4583005317385176,1.885711591246874,1
2.7462686603945894,6.2934298095572565,2.3881092864687674,-1.7477318881400536,1
4.439947916907867,-6.808735287130878,-1.7984978073536468,-0.4930271532184057,1
3.796630225226438,-2.1698705349269587,5.025200985628153,-1.890258081477582,1
4.582757747945141,6.457745316165358,-2.3481144845814343,-3.179174623543871,1
0.6621444164261121,-3.4702974719837014,5.150137287815636,3.9218002798217886,1
1.266366986743045,-3.4388204450157396,2.073449877351904,0.15416139315396948,0
-0.4175585367531388,-6.8023404140242505,6.163613009694948,1.108261877015201,1
6.3781495726714486,10.033271490402166,-3.073416169342137,1.8043675687392593,1
4.407854970007544,7.792242671459498,-2.208290605874223,-1.00280964612404,1
3.1506865555906125,8.870357841742067,-1.7051645090481844,-0.36923478415410627,1
4.513054207854496,10.544186546896169,2.595264851747243,-2.5238375458406415,1
0.3428074646718873,9.59119710529508,-2.327254524629908,0.16411864075451688,1
3.6168861489950235,6.266738063606564,-1.8229896615962322,-2.721133096098168,1
5.537011856447325,9.333293252843195,-3.551944139672693,-3.8993427102101923,1
3.414572704861334,-2.6314704976431793,3.5597053917520993,-2.872336119298612,0
4.74756836228215,13.84930944661092,-4.6267564699060015,-3.1560993446721217,1
1.4951599906393778,-3.436084984507102,3.4650504342332846,1.4599905414339098,1
2.895685442062585,9.015378538735655,-6.427217801961412,1.4830399221264594,1
2.5037563054568235,9.420523750129043,0.3237480584686807,-0.5784905221459756,1
1.1618612435183708,8.310619357025189,-1.510027330558078,1.5276277985132503,1
1.0609912026582111,10.41101465656029,-1.5068976440826782,-0.6453417275587658,1
5.252377077520683,9.109665663137342,-5.432943860822482,-4.932642162225286,1
8.89709241574845,-5.951127410950313,1.0863597615029068,-0.8570965259696791,0
5.465758051644288,9.382428654299009,-4.3473375550861055,-0.8156084741820411,0
3.4421286114255465,11.546334430898945,-4.1600846041185395,3.1548908658216313,1
-2.853569294992577,-3.325797874927688,3.302589929413286,1.0027044733627117,0
1.9919559912001485,0.5993040500411957,4.354510017743507,1.5906191770475973,1
-0.9119685278790326,-3.581772066219323,4.897324157847962,-2.8123889775027138,0
3.991005466498952,-4.1992480126506875,0.9819836553946012,2.256698550434578,0
5.599365474618036,9.912719613309207,-3.7942256327280317,-1.3369566427477193,0
4.665160739840348,6.873526444588853,-1.0621533727728203,-0.6751292291565008,1
4.0950667324309284,-0.7380090580023364,1.5282937468633389,2.7410064534623717,0
-0.9735960072288967,-5.422971668108643,3.931105383611359,-0.1404681071961672,0
3.419912656928666,8.003698537023885,-5.08104202035023,0.9347899056633722,1
1.5562759454608333,-6.50078513039681,4.057046925153309,-4.325968147755179,1
4.223688014947843,11.585479988528622,-2.263633918079768,-2.0581523297305666,1
2.637689510043591,9.67603221091692,-0.8737819779781404,-6.681475623670225,0
5.17064575682684,-5.791084313968499,4.877280699451791,2.8666327082949032,0
3.643216939409551,-7.536037343778072,1.8006298270346224,1.8998231674246897,1
2.0782647009903785,-2.917310950973142,5.144334937386759,-3.185103059030636,0
3.1411181171937357,-4.877639789252288,-0.6651629514418116,2.428103574757039,1
1.4341026990202086,7.622608059000383,-6.648915045359971,-0.9537522155075958,1
5.041525970567497,-2.407996401950833,0.44016051688604274,-2.5028607916148498,1
3.9026298975652343,12.320895967121682,-1.6947290955368934,-0.6020167056178607,1
0.18603748117187208,-4.529644473019683,6.027059087273959,-0.8849082283854012,0
0.7111155015466315,-6.244326464827568,2.8095857009470766,2.2431170066774873,1
0.5326710127870649,9.672958165203756,-7.0504118827776345,0.13899705490391145,1
-1.1361283825152382,-3.4443457067503642,5.771788415849674,-2.60894616841898,0
5.196735461377508,10.51416377594521,-3.7103621897128467,-2.864477995067549,1
4.203392383827111,10.536831528974384,-3.614621245256269,-4.113611644898949,1
2.3667138034106943,11.429651704563744,-4.001856644833757,-0.8688433606476489,1
3.737723306814015,-1.9807751793930393,2.566914430900546,0.9502915084705695,0
5.2595492598955715,9.245074825610656,-4.739604966975874,-2.08864864477206,0
0.7755427932349659,11.851669291985814,-1.3349695671046375,-0.4216522396819671,0
6.673031438772036,12.659657931872024,-3.064663281996059,-1.53150664005978,0
2.2452993096445524,13.170971610688618,-0.8437690260168116,-1.096652767017245,1
1.1431115498961026,6.45720829547531,-1.1204306208341324,-7.242539747785873,1
6.870364117200424,9.316367297263543,-2.4484663743374626,3.1945707534307126,0
4.040528623998072,8.95156905940174,-2.8363933755689508,-0.35595344711904087,1
4.91083722656513,-2.2246122960069497,6.83575239912511,2.064237079825451,1
2.4149528695565756,5.492476568809822,-3.0758362067150213,-0.7654377561934204,0
-0.8332303461656645,-6.246218804290195,3.4382096539078013,0.06785086842056465,1
2.9427408194870783,-0.3336347825169921,-0.07933655712930943,0.2433927370573401,0
4.865274202251915,-5.231051838527684,4.223039456527429,-0.4953580387227183,1
5.5963009974020785,7.696903853951982,-3.140088303250373,-1.809872679259732,0
1.1723469134076527,9.022162576534013,-3.005601538067191,-4.31542843344778,0
1.3297967089642944,8.042706164354458,-2.8937184947763166,-5.974290106731399,0
2.9963484761795103,-4.02006082457242,5.268758472173699,1.9523143644188157,1
5.325821172059802,10.57553603776977,-1.096007651159058,-2.009028492909648,0
1.2828983572316703,11.329308589806406,-5.332933521484585,-3.906575594151128,0
4.3335718235814955,-5.750091292407255,2.585960464428914,1.7735079232178492,1
0.8668250875941341,-5.2975866044786155,1.8996434457753653,0.3332501265452093,1
2.9516604607847996,-3.0663873621092574,3.91812741387573,-3.3683230834642,1
5.6392202411885375,10.741076241814355,-6.195825529345157,-4.227216899389604,0
3.24857482590226,8.714152695888535,-0.832006846833846,-2.8347381512982315,1
1.3154113235287959,7.743307796426863,-5.419775416382377,-4.072161495733194,0
3.4444459518227255,9.793788813705795,-1.5605780731621284,-2.5231152458763138,0
-0.5479344125145913,-2.1225945055264206,5.708682012512309,0.2103882265629876,1
5.6189196871408065,6.370464036417927,-2.4022376852617437,-1.480337993288407,1
-0.07229457194709488,-3.0748023274856733,-0.12263862070129239,0.7098950253657967,1
2.4156726738492544,7.556950591290665,-3.6776244043185664,-1.836042605970892,1
0.8129734030270817,-6.394247779039958,6.023333646326065,-1.906713771649147,1
1.688565948130014,9.500480928765128,-4.184633509925886,-0.5723039124048891,0
2.2596127665673285,6.040836285263252,-5.4294527698038255,-1.8854787464106115,0
1.2031163394926998,-2.073907450427317,6.4709082708826475,-3.958595936899807,1
6.885654136387464,7.404028912381719,-3.250482939232167,-7.942042512469396,1
3.806219052195401,-2.986927410069496,1.141070387340391,0.07606374246002125,0
4.536674692296461,6.2789061793580085,-0.9368236772007463,-1.4345311554969986,0
3.835380301654009,-1.4797170007978233,2.1633607368283063,-1.839687881763111,0
2.159780090179527,8.087222974686894,-0.122164556366271,-3.187910677500997,1
-0.2849497694222026,-2.4028914372062684,5.154699846423612,-2.4501639276075613,0
3.27991468198181,11.365499205972993,-1.190063989989682,-1.1654417321853061,0
5.478324480743678,9.261769840206012,-5.219878143126623,-3.7460347916364265,1
2.940914533576705,10.765022649694105,-4.420434885920596,-4.117936143374546,0
1.4682781309513406,5.108838333580393,-0.2969030310934957,-0.07015798340514323,1
5.51861640743334,8.735805752783532,-4.174487600329847,0.9720771546147495,0
4.018959124538906,7.6715583004512675,-2.7278251256907007,-1.1451458255473361,1
6.777237380162234,0.9602431500379986,3.4158025021208074,1.2933083463872181,1
3.9165088956844247,7.706195738068389,-4.488266893685333,-5.1524276860673845,1
3.423492752828456,-3.191926599777841,2.5390133956182015,1.7379244250785935,0
3.1660437456911668,-1.5393504150025317,6.1820931114911994,1.4838060473708519,1
1.0344827216654031,9.134375094226593,-3.1012975643941454,-1.1759245250404575,1
4.255975903505283,8.220086212416343,-5.068433363499514,-2.421671962489813,0
5.472891624731165,-0.9339664234963341,0.20652245409381131,0.5943786425584885,0
6.201105508165491,10.012462702539917,-3.0842119679675477,-2.8955864725787315,1
7.121864947603877,7.321776077828914,-1.9372743336991853,-4.263115920549886,1
4.8297320123031255,5.096345303946338,-1.6174100963951683,-3.4282389714358983,1
1.9832287782346354,-2.8595946539011665,6.8245337219912106,0.5792663609302074,0
6.584071232099598,7.022307003759361,-5.366151313994326,-2.2509054178454173,1
0.8146873708598106,-0.11313179314563593,0.8204837082151064,5.222848571336504,1
1.7977618343534503,-6.441956411167713,4.531849142560193,-2.32184096254703,1
3.607514402150529,11.290917243485264,-0.5754958932692773,-1.7455211561518489,1
1.8125706220211344,8.059914111210615,-4.56258483951915,1.1179969894012434,0
0.7089356724249285,-3.3016838676138556,8.295411567339263,-3.14218033845026,1
2.712186447857894,11.700297239408371,-0.2420273881307815,-0.5079129434556218,0
1.3527153381580104,-6.165861028778517,7.945775726050782,2.359076836245041,1
6.611827894305611,7.777509583142084,-3.1962604591850807,-0.6585574348828526,0
3.8109701898987276,0.9062031933394881,5.24671842909574,-0.8077425131725436,1
-0.21921671410906207,-6.453825515300275,4.4643109820617495,0.6371142247312988,0
1.8656348264868778,7.01233929192028,-3.2602577838030538,0.28774101363235616,1
3.8232654113031277,-4.132723358295647,-2.9242805205458833,1.8745407927220994,0
5.941182490578611,7.912271549172208,-1.7223722769995262,2.0617237371454253,0
1.6452009654079585,-1.504188965223794,-0.74211462130731,4.936031997317262,0
3.076716846403901,6.546895125971239,-2.0574616055381143,0.8351746988574305,0
2.8655175197069016,9.82743102715325,-3.252235885668985,0.028609625187033583,1
4.674514390026904,-4.406330909118413,1.5224970434187608,-0.17694135209524636,1
5.345581944782394,8.144341859566287,-4.616133676414702,-5.2243279691308855,0
5.1414998498122895,8.79736862084014,-0.845625491755817,-3.0450378520142944,1
2.9006531915908083,9.688931001859908,-2.17235613053782,-0.510826989286724,1
2.919663459416709,8.128920509838856,-5.5341243308379,-6.62667164020644,0
7.164845792701426,7.031115340331332,-6.120136896789733,-1.0607963920886259,1
6.6452083557206905,5.406313309505181,-7.977794798545768,0.664649699141862,1
2.952049335786918,7.858803073516007,-4.717545158698706,0.4002081311869221,1
-1.3894405673986214,-2.170429712051748,4.553626850547488,-0.3825540768163135,0
1.487977435239931,-3.148803884204507,1.989648983081415,-0.427379424028642,0
0.718008603154672,-5.1615325856213765,5.248767686923382,-1.5796028202780588,1
3.0142769522520076,4.755547147379798,-3.138098036287024,2.1649498346543776,0
1.6229955354101784,7.656550157543565,-1.126059946990894,0.6464771364027586,1
3.9549970854713123,10.365746899751805,-3.116481395618778,-6.0222547613051285,0
3.5325008725808917,9.79388918431726,-3.266330706035574,-5.174532650270557,1
5.485018338705855,6.154278017824197,-2.90711031751514,-2.6504534974599148,1
5.513965221392784,6.889302306355886,-2.5639788255422498,-2.2594784367213756,0
4.8017474024054625,13.322563869790432,-4.276467492765147,-5.5434586093412825,1
6.481157621519966,-3.392856411767378,1.1688982773308865,0.07365244748842317,1
2.751155534398743,10.167273707671553,-2.4153499322707948,0.1869688355468132,0
6.552326399478047,12.281104441462041,-1.3198811076551242,3.0068578026986184,0
2.0445923538705357,-2.454570508703013,-1.8462001040422344,-0.4860848870177635,0
5.857120796505782,11.22284723904753,-3.1728047396154797,0.12666683595835493,1
4.337001562925057,7.82975655361998,-2.3184956737736373,0.861656605216381,0
0.8595510545977748,-3.1713389300768973,5.878366346499075,4.38626873139392,0
3.088851793521747,-4.407932733379294,1.2262306067528286,-0.6037177964480921,0
6.259731475030653,11.740908095863173,-4.736675826968896,-4.599598921212465,1
3.8680096135689714,9.769070752080935,-2.7200951072550925,2.943112080861506,0
2.2330618181894293,9.448726405903177,-4.86980444903452,-4.9792419597477116,0
3.420673034342687,12.723897406362497,-5.034494779035999,-6.724963766839812,0
6.034959166146141,-3.7933601870151077,2.884492272444739,5.568184466447135,0
2.773459312781188,8.704722853367546,-2.2515117227212142,-5.786538441835587,0
2.2047864661790744,5.638671214774346,-6.41357935251189,-3.6152618860109795,1
1.4696319347953288,-0.5798564175322132,3.2999266543740355,0.945781045196139,1
7.770341256510848,9.961078631731064,-2.9956612958116646,-3.2444844508305746,0
2.593309972590072,-0.05700363888659332,4.161374051001607,0.726966212262861,0
6.116966172612429,12.176737062113352,-3.5464794446322667,-1.7672104164416016,1
5.36287326782649,10.097048330403648,-5.236074749280876,-2.8713929495877966,1
4.255485234024325,12.46797122598915,-4.479208159161392,-0.6527440881833207,0
-0.052780452181487636,-1.1730012785418347,3.6351200173652893,2.6810987803042807,1
2.144338375947861,8.32998986862327,-0.571268690847718,-0.18407319843755882,1
4.198987258559714,9.186743677542442,-3.0759174829410956,1.1746265463195642,1
3.5005329857714655,-2.8960665455192367,2.5982279085209097,1.9752449872315814,1
0.02030896226404777,-3.5940546558119015,-0.12725661398373145,-0.3198015964437646,0
1.179023615558099,6.555659867007623,-0.528896733805085,1.7690656470964634,1
3.92190291048892,-1.8019258430645022,-1.6103947062211525,-2.795496524882176,1
5.6677388958824775,7.57643936394168,-1.0646911909785288,-2.1297389795120196,1
0.7330391192569016,-6.011037625334762,4.535193031957021,-0.19431078151709436,0
3.4276879605738766,-0.18285824572164344,-0.2026040131419018,-1.6403692681756168,0
1.6366292774800408,-1.1457805850668155,2.2658637968265944,2.626864812157677,0
5.194699943575822,7.451577819237676,-1.1964869639569884,-2.77026001962864,0
3.4863949605051587,0.24184703306690913,0.5364633583839638,1.0163937812019461,0
4.381924323163316,-4.677423263439772,-1.4529246335793689,2.390770056505724,0
3.142473862326373,-2.0780572220611018,0.5932291706195691,1.8527888613869317,1
3.9035606086328984,-1.3308762394876124,2.358628619294687,-0.5868163669816442,1
5.145574663591074,-4.088837955922143,2.4051424986604135,-4.733040494823525,0
3.2434104781706963,11.433108233801647,0.20950873564079142,-5.9314886293132165,0
4.1512231593853475,7.8648534326929775,-2.848416560705362,0.8054401937341291,0
4.275391349212614,10.174533120366572,2.2078888085706017,-1.0775346512019177,0
8.34548607985573,-1.718158787305124,4.093254092990176,1.0863311656001464,0
0.0817833274656539,-5.168143274736661,3.344206246314246,-0.6102242115288892,0
5.244245080623713,9.509474025359612,-2.9036836718287966,-3.207130631183743,1
4.56224462105658,4.954424458099352,-0.613793146400119,3.31388029280531,1
-3.4579893339075713,-4.028612585254122,4.574210950724448,-2.622977262136381,1
4.516398692933585,7.155093330800491,-5.010623830758805,0.8255963368772199,1
2.683053190490439,7.270632433396772,-2.6881940633727694,-1.1307654723425697,0
3.9858652605326568,-2.083546124083617,4.6455171916773015,-2.511190798238224,1
4.704217658748412,-7.0359289690856714,3.273972237455002,-0.6106150123218961,1
2.0876267797285566,6.597897621086139,-1.7597577803342126,-3.9233509446730874,1
3.570451375616011,5.127948190221764,-4.1967262621781165,-1.2655548762262079,1
5.9595348586274675,10.027912312483902,-0.6886132278377806,-1.0439615397642692,1
5.51619652933527,-4.3725604314218005,0.6079670218494866,-0.5010020575533293,0
4.961198670808183,10.287281112118302,-6.217721256020043,-3.840245731607695,1
4.41480478643799,12.130783612800059,0.6789572082056976,-4.1182925248674955,1
2.2600349691823416,-1.9829385563875639,4.749115181922875,-0.5941685851888088,1
3.66968035151281,8.446953939532472,-1.6427499649714292,-1.712051572716532,1
-0.7718336989831671,-6.896624851828317,3.5555196047053776,-1.284360637634943,0
6.699800199532643,8.279545651928194,-2.1436321742553135,-4.24512575670283,1
1.438382467967871,9.803179316050057,-1.7057809478049668,-3.266203108715021,1
3.8981973795716205,7.986270988461566,2.127107421624984,-2.431706572981027,0
1.058203766734204,8.40543681210795,-5.5092381804669115,-3.729731190173766,1
1.6473026977448062,-5.006220580936802,6.399843918436408,-2.8856897455122716,0
3.0836109853933173,11.796443865057753,-4.539032874258118,-1.8854766759259323,1
3.1462097506207183,9.050569528390461,-0.8455931017250498,-1.931449040383269,1
0.6587616824730335,-4.353424596287963,4.918483328740816,-0.5008936041829994,0
4.217389832957379,9.798661759434742,-2.507030731987564,0.8244690723146175,0
4.695781666122287,8.769352753422416,-3.2187551816559465,-1.7470233373409065,0
1.3473172389275554,6.787288432398967,-2.7645355777905882,0.30846532464327103,1
5.822935721188971,7.693862794071881,-2.984557607561356,-5.133522548082041,0
-1.341045803260046,-0.2761225566104528,1.3564779457638823,-0.6193188422085512,0
5.175308325816015,-2.2689944481907984,2.487670127658748,3.243128552060249,1
3.0551016728942715,7.0585153403703345,-3.115476504496412,-2.8522118973721557,1
3.8071305381810183,1.918366058323266,3.017590647531751,-0.11879765852557196,1
8.594519246573704,5.44105199081438,-2.0791876647792087,-2.786064355593218,1
4.599262114221071,9.311585556809844,-2.628379637004707,-3.9487478568121976,1
3.300976551035368,-4.89634493496168,5.183828796035792,1.1205326240863718,0
1.3651845320605651,-1.4292693472892666,3.688866124646818,-0.7977306656661607,1
3.417101812930745,8.549640218652385,-5.603541409387489,-2.916412629381507,0
0.7683710592736261,6.316279066368101,-3.516176166847591,-3.293589123647672,0
-1.040019651520008,-2.8739488016744623,0.6315923645763286,0.7963946765986184,1
2.2580552023860445,-1.1461237609206314,-0.24671215379243217,1.523292085789164,1
4.720061593003296,13.934544087299917,-4.4175184797725855,1.468774456353953,1
1.6532311341266104,-3.3772440485978024,4.796831423176228,0.9775044218397174,0
5.6397747801946005,-3.4798235873621066,-3.2842277132542685,0.5043462935929891,1
6.344770081511443,9.656568054399358,-0.341591399097644,-2.422854981960644,1
3.4001558209245024,4.8341794177001685,-1.0781263992394552,-6.578836766514204,0
1.2821081222743946,7.351149742229629,-2.652453434086993,-5.891988070317312,0
6.253349344514555,8.64005180545555,-3.599942697226651,0.0063364374163921156,0
2.2615796106167165,12.367539723397016,-0.5334006724048419,-1.636683898436409,0
4.458396441777367,11.46929718589286,-1.5063998149277218,-3.453150603519636,1
4.612555851331604,6.255046233700706,-7.076967462569732,-1.1479927891970987,0
2.7860404051364402,10.550576302994724,-3.5437505504821827,-1.366451462748454,1
6.662314093887815,10.04252024440953,-1.1913769188483374,-1.286162357894339,0
-1.4135273795456476,9.810986095214957,-4.809503585700723,-2.9946980964585066,1
0.42085250663838103,8.808741598386781,-2.2304336729604275,-2.4439899677868673,0
8.184346366599442,8.247272794429382,-2.9344870946941493,-0.9240518637249333,1
2.3116173462469787,6.143210228404847,-1.7054519697217514,0.15761568327405295,0
0.7656303274955554,10.886919017153602,-4.795829537467807,-4.439425468844086,1
5.898520119995157,7.892691652187713,-0.4404694079053435,-1.8329589353061473,0
7.083287903965551,8.207935684893725,-4.875675678329253,-3.9210416145677964,0
6.100797631804921,0.2586984597858524,1.2046627084218284,-2.5456453721640764,1
2.8518487689529888,-5.975203103822096,-0.7324299029301016,0.26139743747445976,1
5.6463968222495735,-0.5678013305524949,-1.7681757244761878,-1.7525717203848201,1
0.12669383060986927,8.410016587450778,-0.9104073002769293,-3.0188995474296525,1
0.09598013519921109,-5.9013754592717245,3.7696822997512274,2.752526752384937,0
2.056170695887979,0.27182116496353803,-1.3859259846663736,4.37956825760545,1
0.061462146868568546,-6.469158946893282,1.9797527594972153,0.02536251751909757,0
5.716235413242897,11.005279984855548,-3.266081488136056,-0.5339438996277248,1
5.990675856656333,6.378334621727223,0.3903240262652692,-0.06685325853512336,1
2.1372178581716383,-2.92015582855524,2.557280653217264,0.48577175412684165,1
5.073603402147869,5.118569323758047,-0.01959286257550996,0.6103036642634438,0
2.9783686688272066,6.786317895367482,-4.290983830962485,-3.1257444164608894,1
1.2498997463596275,-7.154297696348738,1.1342982142756703,1.5611782386000876,0
1.0651608793384648,-2.2247504403311673,4.758240825963252,1.469129006371218,1
4.9882579856221385,8.247472360841277,-0.6613439044679765,4.280754989238721,0
3.025209755276746,0.08693405322673531,2.584485231578146,1.8951857744247496,1
4.387324583242897,7.707250516568138,-2.801929318490443,-5.850660268298881,1
3.5073768410848203,5.683453687604688,-4.038875492188474,-4.9738555481283475,1
6.020482633094105,7.850166645897358,-2.3736349221536495,-3.4698821584376787,0
4.137437181095997,-2.3084797131468853,0.5354840585332399,0.7664089219137138,0
-2.916615161660195,-3.748338267027175,4.02883706478613,-0.6777551480900077,1
1.16552356400216,6.796054750557683,-2.5959271525830245,-3.5763236269753853,0
5.162421681124983,3.8541986067344247,-1.8899511009615373,-1.0264362409755696,1
1.2505530890590042,10.240840305111877,-5.986817669176039,-2.5248429083899806,1
6.497533438689418,10.004308887884829,-4.950034752892769,-1.3522317780003026,0
-0.23279929454317128,-3.605267767504909,3.0124874390785803,-1.564586012882589,1
1.660012508335392,8.503339689629733,-5.641919780545241,-5.392622196854454,1
7.542089125142245,7.1610875358899735,-1.696303906691356,0.1200394045522184,1
4.926382614685823,-6.5551830842692755,1.2065071661741613,0.2197069036243405,0
3.8744380101605564,6.588509279518025,-1.5916205651029551,-3.0742351174996094,0
6.050997076170706,-1.206395164632198,3.979589187002957,0.7469043709986922,0
7.474254477504875,10.161117546931617,-1.8973271910197274,2.055140968390267,0
2.7658136906599053,8.973002484228768,-3.478632539102739,-7.211894031284505,0
3.2763505180179773,11.569571163254803,-4.380369326490631,-4.990791066183218,1
3.568326711109673,7.489627080824635,-1.6635438676432885,-1.9445571772880326,0
4.158001199114692,6.840791356450966,-3.0481585685994874,1.2302565272532497,1
1.9549893898245183,9.335575181433104,-2.6021304017949807,-0.6148697198628672,0
4.784465037595227,8.259627841386454,-0.5870647866673648,-1.2561982902262874,1
3.664477668297798,8.364694904105493,-1.1403284283212956,-8.013103211646687,1
1.3330771372165837,8.780680708906033,-0.6588055321106796,2.6053826347233233,0
5.139051090281523,9.093769590535171,-2.0640154687375873,-0.8394826531142302,0
3.8961522713565784,10.990501578081505,-4.3935506903343,1.6746373725107784,0
2.3609750414940374,6.649989045776104,-4.323470653374399,-1.8217586241814,1
4.483999991182486,-1.612634034095001,4.2402576047970895,-3.1522949745976807,0
7.127335554475129,2.201283466020926,4.5639213413309605,1.560781488796057,0
5.06045643650677,-4.534996008448402,2.850612584198246,-2.6278256129204913,1
0.016225938329254508,-1.8385683382171285,6.050411681664593,0.6438783118766876,0
3.8806253632980816,9.150484241754619,-3.5346744862748447,-1.3282685515252628,1
7.31925301299319,-2.4307056378078133,5.717676363993149,-1.3397812612778945,1
-1.0853467612719236,-4.2044693684696615,6.894597574862812,-2.611314238274385,1
8.3555195979162,7.170193486153463,-6.164126161065606,-5.9139088942042655,0
5.213619933137069,11.030133563662368,-0.2950665446543428,-4.086538386862813,0
-0.08000350252973698,-4.44557338524643,4.315429060828466,0.3306423993127877,0
6.994143566518841,8.538512969607995,-6.719236716996807,-4.700784366869773,0
3.3631335794172896,-1.7529281734775406,-0.46248628419249016,-3.7043817905157534,1
5.249619643667457,0.5564455799050294,1.791913430252666,-1.1997333227006728,1
2.582814027171248,8.972981951908544,-2.451742154140238,-0.3388363603060573,1
5.918349026309469,12.892828557417019,-2.8854382796512903,-5.354028707004108,1
-0.02905951532685702,-6.991228414766752,8.38368269691513,-1.9151352261455827,1
4.050734806747029,10.604146747237577,-1.9180612551971754,1.6348287006122257,1
2.861906142176182,9.021242617280073,-2.4786633361979766,-0.659827760005977,1
3.705045422431396,13.791155318665032,-0.3816580299362675,-1.4538611183223997,1
1.7057734681016934,-6.4980812453171835,7.8226637183175605,1.826252915076744,0
1.9813565598075809,4.794568905577523,0.46635138022489775,-2.4586153407242186,1
2.6649687597946716,12.257345612564166,-4.203254810638707,-6.138989469247971,1
0.9965981198907942,-4.414109242224569,5.658393328164581,-3.424647253530225,0
6.3601095948437525,6.388965253900761,-3.566108997971684,0.217140498328813,1
3.0332969523614297,-3.8908251851391458,5.044635724719865,-3.114835983153993,1
0.16804050140647822,-6.121312114001517,6.402580551120323,-2.0878805491910697,1
2.7860247285486195,-4.822250949332309,2.3603510173054474,0.14834473105028678,0
0.6771622993714157,-6.533347132783562,4.604898797818226,-1.692911215423873,0
1.8536820585405434,10.184421850519513,-4.620019492675623,-3.110085018517532,0
-0.15752795875003617,-5.054876392549761,8.380073179146013,2.2631178307241266,1
6.575468852236549,6.330540897464131,-2.3737488724747418,-2.641595055265688,1
-1.52616423012884,8.1573464483889,-2.380393961440379,1.2104288704398345,1
-0.7353845318595802,-2.064921640333128,4.804146168153099,-2.6785969068209474,0
3.7274049649672225,6.185922492194743,1.0479290109256443,-2.3455611754868957,1
4.52623467269182,11.980761004978124,-5.285815494057589,-2.677626592897031,0
2.546394397823736,6.6003556317292364,-1.056088881646546,-1.0988818674929803,0
7.727938611550234,7.755862803940666,-2.5480863615251965,-3.889983412314766,1
2.4041042869651577,12.299475556416896,-4.781243623425727,-2.828422030518143,0
9.365997298814268,8.61038324655679,-2.4160391257918734,0.3113647191090849,0
1.9018198482821906,10.909449380665201,-4.867890479411724,-7.6882693734456,0
5.218743147245227,12.63480114367841,-0.1863811801664026,-1.866091573058228,0
-2.539690683699374,-6.56986563434946,3.707552581351892,2.1404394823215,1
4.156505407766637,8.039023645783006,-2.2750950311032545,-0.9576192071466452,0
-2.015280905783,-2.161441601496201,5.2344832935586805,0.07800170247512372,1
5.208693585059589,12.468141351501965,-5.219161251938459,-4.053497310720694,0
0.36754983011571796,-3.9957985056642893,1.7950197184566106,-1.4233673938736473,0
-0.9595338575960559,-8.44509057162657,5.100395643950867,0.4615989453463688,1
4.753771965488428,10.06412724002601,-1.5364079433712847,-2.6818263470267922,1
5.892840294365888,6.453512975176732,-4.456328323055347,-1.6641694464794008,1
3.9096172993440224,10.032906697779154,-4.124279487963468,-6.1988784180326455,1
4.451730189871968,7.378007968574417,-0.5032371943809681,3.1973478987914135,1
5.984013355309337,7.830168045068529,-2.9242412426598134,-3.194779132562573,1
3.188126971191519,10.384727582245945,-1.873867531989636,0.565743955052509,0
-1.1338451392393147,-4.951916052824248,1.7226327205378156,-0.10322894935629512,0
2.7291779018249054,10.477501279472948,-3.425223583330041,-2.8391709873421207,1
3.3246507582183793,10.42411111066931,-4.872629400920582,-3.886519770094334,1
2.392905463180716,8.609972243461065,-1.169587449452382,-0.8503558898079435,0
1.2916728628315002,-5.432536370225982,0.7570013473079902,2.1832077020386333,1
5.2601305480287746,-3.1166327601380757,-0.65533116353012,0.6404239710553018,1
1.8721821876306162,5.05014194337171,-3.1896756208482313,-3.9680067825220044,1
7.53934926171881,-5.500864775276108,1.5726361564669271,0.922993281804061,1
4.699057952105017,8.243549489699372,-3.6872258248131535,0.6524088366220102,1
3.3728374608721285,8.615832808581587,-1.0293804187267641,-5.5619825571549555,1
-2.414107394460932,-5.874082004855093,3.99470260824859,-2.5563070422488567,0
3.5349436972933455,-3.9970691396127007,1.1701116617314835,-0.5927799800710993,1
4.031571883893417,-4.133164228991088,4.002266044925607,-2.2517694653706024,0
5.252995726397352,7.6555388766604935,0.2822193879677326,1.3968156040880153,0
2.155534008952021,12.30222384511565,-1.2569890119304339,0.6590901717047168,0
3.1573413629030913,10.995329980620713,-1.3428309857346934,-0.873774437214297,1
0.17765407173456094,9.390736917471118,-3.095216787576023,-0.04100577412784495,1
3.4326825711159943,9.505319944048237,-4.535065921179532,2.111939863315502,1
3.305710633738952,-7.39187312306819,7.542238482025452,-1.4721969028329798,0
2.162395060385181,9.388934634546207,-5.393583087517296,0.6977906223513515,0
2.713262827680822,9.34530370684338,-6.304792152272777,3.515171787858435,1
5.623146486932433,8.389986514075028,-5.169600315442647,-4.04434659857663,0
1.3116553308239927,-5.171258759493972,4.293005598673531,0.49050630344934276,1
3.828368127809706,8.004354346361303,-2.823436271079078,-1.3999480662499721,1
1.680095424873796,11.490994803182843,-3.047841180405071,-0.41473140950995807,1
5.4928437980704565,7.632117818202413,-0.7650584495670127,-5.71655484070299,1
2.928885027348282,-3.7722749516188543,-0.3392734386352707,-1.6098444917933263,1
0.9823111480005751,-0.9236384688787647,0.05997450708746199,-2.337591743140308,0
4.303349048328662,11.703058116810357,-1.4551620139446018,2.223706096609301,0
0.5290903444344818,-2.72369453398082,2.899810316807433,1.5599761746634373,1
-0.09540467787707385,11.37761498357761,-5.258128680712054,-2.1046031012126143,1
2.9965676786486592,9.886146339568901,-3.7455827301581963,-3.303286990890195,1
4.832587765191779,5.9101540059746105,-1.522946549528084,2.700439257533446,1
5.651907740217538,1.0209404034321743,1.1048268147410052,1.5310943191603241,0
6.701081525351757,10.877909971834544,1.64473777153338,-0.4251410288528893,0
4.066179711601708,11.223831626626787,-4.711932761477594,-1.8009802769170626,1
2.5808357595952094,8.123188529095852,-4.81983870865097,-1.1349421428675917,1
5.942587074788019,6.128488184848956,-5.31164889492868,1.084628982652435,1
2.5517003384228714,-1.9535976419407866,-1.2644569865629158,3.493582939056583,0
3.4947650641641586,-3.2817124356428673,2.075954779919625,-0.43893916430492114,0
2.6630157513797124,-3.4361274091281366,7.083745840862309,-1.8271238836679444,0
2.9997330888590374,8.16840013006726,-2.0659911661512895,-3.057727496674672,1
3.8878138049279256,8.401613891753234,-5.991587055588656,1.3013638344766463,0
1.8594633266774154,7.241658472701898,-0.4338307596453381,2.425680811411957,1
4.950478112772577,7.68499450039971,-2.6062918543290987,0.1310510150580031,1
3.3995374400150973,-5.76911035279682,3.8166906871820796,-0.43535405482336764,0
2.241561240959962,8.523461469358745,-2.212387830824782,0.3865685659835636,0
-2.793746444883719,-1.4483603431420016,3.911559812067099,-1.4121339638623538,1
4.482875351153954,8.71688380549269,-0.32068092944972415,-1.2797234523124357,0
-0.19294819692515242,-8.447752529742832,4.329606623068412,-5.002357375532963,1
2.7120449093401406,8.820648435130268,1.0054985827361635,-0.05633640280975594,0
0.5650090122067103,-4.797901985607237,6.821191713593791,0.4718540118466582,1
3.822974466612028,9.000292076202905,-2.5664096980114786,-3.426707160754629,0
5.90271076845654,-1.7076076529467084,1.876245395004072,0.9889930690433757,0
0.41043695231259725,-2.942202144319687,3.2239513065408087,-4.039355069032133,1
4.146750753891701,12.095806238143862,-5.615509183019288,-0.8620907434527036,0
4.8715688537903885,0.9544216458539272,3.336357827630263,-0.3789125536240667,1
6.078292018348214,10.188227652501311,-0.011179318661418414,-3.811782616765873,0
1.6871025801185566,-4.729190978884916,3.533007256347746,-1.6706157546921596,1
3.1741549286914985,12.203365140667982,-4.013493578150927,-5.038535985991255,0
5.1620713215182805,8.106629020980028,-4.080302268281361,2.974586966022773,1
-0.26430652193139115,-5.171012129258068,3.4324971316833475,-2.521184942526892,1
2.19925288240913,-3.3614771611511856,-0.3112993078523507,-0.6109575460978378,0
2.0829799510161306,8.143441881097065,-3.466178274184247,-1.4752950330414873,1
2.052512248995888,-4.1770792026931645,1.4178070356180053,-2.5944488879016845,1
7.2939426842662485,5.081773715860066,-6.441244094760421,-0.9410651562924935,1
2.385004188041503,-5.760218280841447,4.10993510024934,0.38088547466315126,1
5.417850779000092,3.10290782956063,-1.0944610198747375,-1.2097441926760655,0
4.923035768789852,-0.07551490203432643,3.605877518733313,-0.6049158205157711,1
5.836382107749982,6.321992876484261,-4.452172308334823,-4.123629406744258,1
2.6512911335755773,-2.792742090446091,2.775887317259658,0.9428615117759442,1
3.7518067783278934,-1.1710097066374083,1.3177381519142646,0.038220194971311156,0
3.727666772689497,8.130390793540675,-1.590315559475568,-0.6078325426246787,0
-0.8965621712482319,11.00607949292955,-3.1489580718051813,-4.86498320937218,0
-2.237297380004536,12.772044049003327,-0.629760691566656,-1.1995914498499922,1
4.79894641003611,6.698283806269058,-0.43168835651779824,-1.1081273770898785,1
4.896473557867847,5.493949122248139,-3.2822467379273146,-1.1982440664560858,0
5.026581157692313,11.75535132751023,-1.7999366169518578,-1.7509930297992933,0
1.877905975898075,9.726949832494768,-6.238238464855985,-0.05406476870545429,0
4.086779278215394,-1.6234581443334226,0.09235054547514565,2.375039587776425,1
4.822163412805441,7.111923551943747,-1.6504827650811649,-4.154839826975562,0
3.2552990578934105,7.952753731640257,-0.44601817509571084,-1.7016168919026058,0
2.629495374920511,9.85738811513944,-5.861891380855619,-3.8512587999494046,0
7.045680568035785,5.170826980343477,-1.9377598708862178,0.5038713650532469,0
3.365624333585674,-4.778220313185164,-2.49588557858036,2.3145912185640998,0
6.185584506188609,9.932289869410754,-1.7901682452833614,2.8141739406601256,1
1.829239831580474,6.160971619219918,-0.6191894135456697,0.6536370553494764,1
4.94322425908584,7.0798098738668696,-5.244104690602094,-5.601722423343604,1
0.23118131832392652,-4.775920162089661,5.233502609231155,1.9132028762626723,1
1.9475089633753284,7.419280700817431,-4.654782586872033,-1.383790816373751,0
4.192420510054708,-3.3770062200931257,0.8135153922733491,-1.8407940192312542,0
-0.2131703865214516,-5.677845558438215,3.2286757988314743,-0.7629039351159321,0
5.024837965797938,-7.659970002802903,1.847919829116702,0.206055581805665,0
0.44962986136681904,-1.001954399271767,4.277912487237161,1.0754906909560307,0
-0.815148140586887,-6.035225604162152,3.3130958006266296,-2.4872312341778446,1
2.4883352113508197,-2.352803327910087,1.146767018125545,0.9052474985570325,0
2.474610245605872,-4.47455396683315,4.4033680128831225,-0.6860093562035197,0
4.331190418571967,10.166238065355824,1.34798537545432,0.04605186631617886,1
1.9192423239459309,-0.6240333270536809,2.5964899260524574,-0.3485025199068156,0
0.9194334279939089,6.050178818941602,1.5654682619212212,-1.1897542338703464,1
5.18850536783329,8.957647802427084,-4.354635133192441,-3.938343212585349,1
6.935425723753875,9.956694375147745,-5.204318902962128,-0.7591401992955966,1
2.3277096575007707,6.632978241975302,-5.295650225355665,2.881634775449081,1
3.840415198040117,8.81761868639676,-0.1244360492525951,-1.8324997153960851,0
5.932048971058272,12.28060339969294,-4.545452671881384,-2.668129451517979,0
5.181852011747637,8.834216871673872,-2.182175653084515,0.367220830892135,1
3.007069712997683,-0.8722077445979415,2.2302451874517697,-0.6999285331075803,0
5.601320281171998,7.435724648568786,-3.0650983682363795,0.23431827282428264,1
5.516324798919928,7.257449619582937,-4.327646110230441,-0.09115638598025538,1
4.138445743916803,11.78043242132402,-3.1600208892469923,0.6378883349011364,0
1.0102061965577134,12.911823523396995,-7.48997522231159,-2.185188360581849,0
1.3959584894108987,-2.77626299096319,7.008189423508512,1.1259366107564501,0
2.1954961446821386,-4.900641401553214,6.702143931428773,1.9164334909723588,1
5.449649267793161,8.063470752357746,-6.056370700544182,-4.200322753748602,1
1.9723774106945267,8.383401487893941,-2.7419395707132077,-3.980965220875127,0
3.8862530122332024,8.39923501033997,-7.118055596933585,-0.10265732772968583,0
2.181005017266598,-1.831917578478956,2.3288536297682825,1.1906298496007468,1
6.773288475367357,4.277262534272578,-0.19613981668197322,-1.595164306883779,1
1.9844439526520927,-5.578128713737367,6.230561587178392,0.8123556363864327,0
-1.661056963706759,-4.818206324271334,0.21766990711429024,-0.6318466722292205,0
1.870517357900277,-6.096115699111337,6.097139100877104,-2.618379219940896,1
2.072099341468207,5.584953715167834,-3.804323741383787,0.4897520802874884,0
3.531222349324323,8.52344935010404,-2.7166650271190234,-7.311854742187342,1
1.9152679454435002,-0.031284136130481865,3.25360549066622,-0.999391674734604,1
3.8527959941274403,6.4332904400999364,-3.3947761731161505,-3.023401213965039,0
4.393606629919601,8.566906475950509,-1.5820417606256016,1.1418858159977219,1
3.155959079456256,8.869407573627273,-6.096355389341152,-5.9388675068732795,0
4.361217274016295,5.585822267698815,-3.7323191738572143,-0.622779510375869,0
2.938424156982544,8.669568713484901,-2.6329921192356505,4.531932162521388,1
7.894641490580204,6.138683412041996,-4.675595426215688,0.7809268165416272,0
5.202357050085705,11.267153717192013,-2.4804890519551925,-2.838237541710425,1
-1.0293695387314716,-6.103742354634019,6.165791727444549,-0.08732241991290624,0
3.066201875737726,-2.099710494838532,1.834413939754926,0.4714520611984268,1
6.325680417434006,12.290760982344036,-0.9051178474147026,-8.55837267144061,0
7.401589794641031,10.030371933491162,-2.4314366954577022,0.8976123951732977,1
2.9970385749007056,-5.669720676802486,2.0689270219815943,0.5355366899139283,0
6.047723341207396,-3.5641790240505165,1.6243185618417812,-2.7598536290494238,1
-1.5391433119302391,9.693198050038548,-3.572933968849709,-3.0737397329504863,1
1.7779591964410815,12.231682145568552,-6.868914473088381,-3.150632982455801,0
4.5318100290388905,7.736180842863956,-3.2023157645573312,-2.9190232433606855,0
6.754732574400974,10.775780803021117,-4.683844737159324,-6.702068371390045,0
2.010871294275083,-0.4997410848551178,-0.657235039576824,0.9651504708449439,1
5.356631657339291,10.008809444108799,-7.076601119779861,-3.9869613027758732,0
1.678171539575529,-0.8805353318487099,4.141113312885647,0.9426472108744705,0
6.892672556711451,-1.8422439400762607,0.8419492549303143,2.2401901767520807,0
0.12909360993601604,11.621050834480052,-5.1443343890579385,-3.4842907560260765,1
3.548516546461256,-3.8725703502047795,-0.13611226692718947,4.907939938918637,1
3.8640665878161293,7.672744533844356,-3.2601792899589803,3.5866930756464437,0
4.371029342445637,9.264039255108997,-0.5594108572710237,-1.5809303625449882,1
5.742219277555119,11.999525665020222,-9.513226713171269,-2.7470536025008734,1
4.961964630572115,7.147869196523123,-3.648173336984891,-1.1644529774155257,1
4.14485757796256,-4.600284646470478,4.068821485017019,1.1998795728053087,0
3.1671213455660885,-4.1834374975124815,2.682506237452248,2.5668943513015754,0
3.6505403535216994,9.234224114726521,-4.669088170714604,-2.8757948398284903,1
2.7828040240754714,10.034077950266328,-4.8752875299482685,-5.0490161255406125,1
6.779567551059908,8.540232339488094,-3.9218634778170562,2.3187813703115654,1
3.7633813056441303,6.8740368724688246,-1.6471023167295864,0.6399229219082121,0
2.395389969197031,-2.43150583272117,4.940928705090756,0.7895434470687929,0
1.3170142350019547,-1.8791993907755407,4.15669278103625,3.122545182838307,0
-1.0479360492732537,-5.289784213624004,6.205477419264503,0.2007298295538612,1
2.659487479640269,-4.411437358857363,6.078722903316657,0.24568090871276393,1
3.6308021741942778,10.305876307963594,-0.4408456525743083,-2.164615455841378,1
3.8981962335998217,7.657658072155681,-3.1729546212065878,-1.357825382623071,1
3.1808458558368953,-6.16946560487503,4.920590573830296,-0.15416318269822404,1
5.301586990247625,-3.7091437546666977,2.2534156906163108,0.02297573524704255,0
5.8116894495391715,9.097642744022863,-5.052927330301712,-6.755901634618883,1
6.202027623988489,6.085397830511317,-0.3839630279781483,-3.5439049135365432,1
7.063076224192683,-1.0340430827637614,3.648647023773954,-2.726004111585291,0
1.529433110939917,7.213068040650834,-2.2639429958509396,-3.6552055330609967,0
1.7387082465401118,-4.0272657517244355,0.014222704226719118,0.1799664530988598,0
3.412914414026216,9.452714100010647,-4.283414167322784,-0.08448767479589919,0
5.169849801356424,9.928018154045827,-2.537156240276412,-2.902460683209043,0
-0.4630521798746434,-5.9902232935348705,6.099195431696094,1.2659480208911122,0
5.1959109154714325,-4.614626695340819,-1.3180389541123594,-0.5450015534741766,0
4.272030022781191,8.950376746261002,-3.632166059018971,0.5265721597558575,1
5.5851697446871125,-2.478697031882534,4.203311072050939,-0.6682739291056224,0
2.6102133244334214,-8.421965197900413,5.793562458827634,-2.042160772452974,0
2.337908436812314,-4.768297650218299,-0.940297310439786,-1.0146403521559464,1
3.356468645310206,7.920962315247102,-5.690339653927657,-1.4947896566878534,0
3.193417583515152,5.978670404899714,-3.634908713975501,1.3743775658125803,0
3.1362025043494364,4.886079657634115,-3.716889434755386,-2.5266030620537685,1
6.990297032249962,10.666143430185645,0.5875643626735396,-1.8087558090157974,0
3.6986072912696177,11.547270161203759,-4.453710194602846,1.7304031172353915,0
4.567751216282071,5.2116181205137835,-4.910550146292448,-0.1306010652739933,1
5.203659719915806,9.488891754316722,-1.5570022729792157,0.31144131366694006,1
4.57155728708737,9.127054070733667,-2.9958915066194853,-5.134819567540795,0
0.4360749618190881,-7.082178263381249,4.179423708295068,-2.331087213526243,1
0.9632297333102349,8.543723124441957,-3.005082864793851,1.5043666908763065,1
5.102597269289339,7.148973274801731,-4.151319439773946,-2.6319153068355394,0
5.896718237862082,7.902113711481751,-6.067626358574081,-2.2009633789213985,1
3.136767954329119,11.395808233460976,-7.427438789216259,1.6809897759278027,1
4.814287741052397,9.484408899198339,-3.87816345207864,-4.858521515774117,0
4.51513506974828,-2.8905079386394297,3.0321120941645523,1.8220876830695727,0
4.4447278379510395,3.813546674191218,-5.7249037302555985,-5.8465079218221,0
3.1372296250234006,10.382931374350637,-2.317306996460174,-3.301381598083114,0
4.876606518074108,13.158821997894076,-2.8316370489313227,-3.300567446724141,0
4.042534873123909,-5.41873194218695,5.220717208705034,-4.59652558512473,0
8.889079193740285,-2.7194012311644697,2.4126218050935035,-2.9358099033891585,1
2.1804067955162774,-1.8659906236803687,2.5466026279176384,0.7968535544589384,0
6.326774798444471,8.828195422084315,-1.1046490479149105,-3.7508613181170354,1
1.6557415490710208,10.707003922086287,-5.645767500066154,-2.04282868641356,0
-5.479688793154175,-3.2723689814272277,4.71556187143775,-0.045920267010319926,1
3.928042711300523,4.998832214746715,-2.0260070831962587,-0.3107409549290834,1
5.861264153840489,-3.2118884714765388,3.443229774972216,-0.4770672645170743,1
2.7788141525526857,-4.162490569891303,1.3136678952697989,-0.7548966003542137,0
4.703486036415692,8.502124907023406,0.5859951266889651,-1.3086315225669771,0
3.1576944201229593,-0.5572840453017918,1.4242501627238524,0.10243068994607782,1
6.83469477257667,6.870966629999266,-3.4726096361565446,2.0882887521209175,1
2.488578009537056,6.42573312262559,-1.178450202766818,3.9244333292283087,1
2.6094028365436457,6.791565191619702,-5.959443692432736,-2.1875441664253823,0
3.172835780217327,10.708303145812216,-6.447595643991658,-1.4759622067148448,1
3.9034472844935793,8.782571610212171,-5.125057615369924,-4.914463913451655,0
0.01424834942055142,7.690516966837313,-1.9178503454381248,-2.073973007339765,0
6.826526830005216,13.165134772331573,-6.997347858308357,-3.3106914463032577,1
5.343049354480235,5.058321747982609,-2.4668959010132694,1.4636576042485112,1
3.5262337295175463,7.77710194357959,-1.9958616072415283,-0.8314252006053142,0
4.213619225387541,-8.328790577464478,3.7564447768510263,-4.655819087983692,1
4.920460932406125,9.829657919437778,-3.6275524903695127,0.12196125892894438,1
3.352641882776539,12.363278678264862,-3.509861867970769,-1.3972859733197276,1
4.658398800768359,-6.255012864834825,2.7310737257425814,-1.4369724403610808,1
-4.414078721717784,-0.3710606941442389,5.162359881241736,-2.5417982809860007,0
6.537316841045411,5.147851413691578,-3.0370553563074267,-4.399835129731985,0
3.7482729404307675,10.693398873032676,-2.981432807847255,-1.9545494947295312,0
-2.4650646130963034,-2.0110694516076295,5.213553022369154,-1.3179219392453483,0
1.3038504740899897,-2.311340269576405,2.8132344351760237,-0.2916097602780392,0
5.595511592781365,11.15822732495074,-2.787381530145811,-1.696529147474264,1
3.634611587782927,-0.35907411885311236,0.5355623791223398,-2.9532158164065403,0
-0.37245886015294916,-8.891895520102162,7.311202215308369,-3.160909164236172,0
3.2886452261039567,7.726506610747702,-4.227316223340043,0.14941055619648203,1
6.746423206461939,8.131529038849722,-2.4434121292437525,1.9956597747933724,1
-0.351957413819723,-3.4549139337722323,1.857928860600849,-0.542493890504606,0
3.0315972706176697,11.880696798473336,-2.817682707396301,-7.641707956024334,0
2.8760690392638537,-3.6334449966184277,4.2235440377574935,0.6996038770606102,1
2.789077078754916,-0.6524404614089441,4.113543272760554,-3.3108584942852497,1
4.869116073820605,8.522697098050894,-2.048957623974972,-1.3311237606633752,1
-1.8635627290102224,-2.266048359091349,5.82720951496341,1.7290030294790757,0
5.829561893911605,-5.930147692892033,4.102218649092903,-1.29112523705491,1
2.699260535930762,10.17922934982628,-5.5962901377185235,1.6607931045917663,0
5.127948979662196,-3.905293378409046,0.52304434697072,1.4693887708187086,1
2.944335320406474,-3.3851593900323613,1.931961233360814,3.3507998377397077,1
3.800369668502659,11.359901647587328,-1.9604268709120762,-4.514228654271347,1
5.004193668998225,8.077908830488035,-4.520025862532238,-3.5493288202712736,1
-3.0013781573552745,-5.038242621834992,4.1389911580802705,-0.44838741752337696,1
0.8238659622792335,-7.454383101716367,2.6030007482636335,0.1804793965382382,0
-0.7303129416856584,-2.40268714745803,5.639206401937275,4.39595717529394,0
6.829207148405728,8.835219725119481,-3.689120984374292,-1.1598205321544648,1
6.559286862868963,-5.160723703704619,5.86982150943618,0.9368032046461436,1
5.391657693506661,2.618959648030372,-2.9138585229696057,-3.6374637530753464,0
1.439806820054463,10.254702263954012,-3.1710838370267433,-0.17060872643197034,0
2.2332006777340427,3.6504759398016873,-5.782181773175696,-3.270623627519487,1
1.069663779883482,-3.2865716671293796,4.370848558856589,-1.1035814060030849,0
1.9480475129311046,-0.8924633053334268,4.8239070395466985,-2.745794737522352,0
-0.005874678802451017,-4.076388198440877,4.769436077857648,-2.1155793299220105,1
-1.04343369386965,-6.142003096914075,5.016271273261047,-0.8332801600178394,0
4.013233019257394,-2.913627660720569,-1.0417837356597306,0.33121237959338995,0
2.9483930919288914,8.19698665544027,-3.9550424519040184,-3.3859441217431847,0
5.982084966295279,11.276379109107907,-5.378595570508106,-2.0658038381229855,0
3.955814006280451,8.742888016477302,-0.20983978271959236,-1.8769037001921167,1
5.385430011232407,10.247885140272878,-6.281523658063817,-6.806875534949311,0
7.136132789055039,-0.014913101454677946,-0.26008318685746623,-0.40090215508476196,1
2.3994698130272925,-3.977906716151723,0.17275282900029132,2.4033419130674476,1
1.5574985589008858,-6.193587957103205,2.119658814367386,1.5841641292889492,1
1.6756120066295792,12.639442529146619,-5.642988143420381,-0.20952182358301,0
3.819818453181094,9.356442150913042,-2.5402859350321636,-1.125681970631886,1
6.058139814954798,-1.7876573833397793,-1.1656746933535174,-0.9721600289265407,0
4.776132139571349,7.6556523681684405,-2.319521782213783,2.3411715416639374,1
6.953751828117067,8.741336171183622,-4.478224915169797,1.681950513241199,1
4.834606288082814,8.485696785577812,-6.163211300277821,-9.60688885621936,1
-0.3013533105722488,-6.3372454013327575,5.063967230632818,-2.593360054279087,0
0.2381460864263862,-5.746049007989106,3.9247815608327272,-1.1505591457822528,0
-2.186809390457571,-2.9919977956831194,6.434339191991148,0.47501981234473345,0
0.3726241110525684,-6.347955974715635,4.434745510284951,-1.6885316779915862,1
4.350387155295765,10.299948723995067,-4.825413937508329,-3.3541622338497556,0
0.913777635651849,7.028214709939693,-4.599396947611266,-3.052726968332091,0
4.1186283989664005,-3.576561708420818,-0.061532002171091005,-2.783960528824451,0
4.390738416794973,8.315458704682477,-3.561514616710156,-1.413893547045305,1
5.526059256502991,9.262711543838385,-1.3259869225328265,-2.5723274726554246,1
5.09361456079825,5.592135607108934,-1.6958774372830947,-1.6638707510921409,0
5.991553789971023,8.390998316406778,-0.44428559880666185,-0.42611044721709623,0
6.258091708460014,9.317521535100882,-4.0843580617987865,-0.7355292202320494,0
3.758959286225812,12.165423429305047,-4.728105211974301,-2.69518350458008,1
2.964136416610869,8.235416192456293,-5.188643590853271,-0.05911043615057099,0
-5.8701010455665426,-4.197894104091566,3.46365254553202,-0.2245389912067305,1
5.829467093403814,8.153538351496856,-3.279133058624248,-1.2607604890087494,0
4.367384832045505,-4.262248304586953,4.292706832062933,-1.073505381505225,1
5.671730646617246,8.008083026939664,-4.949548398924015,-1.1259043691450534,1
1.4391159092068628,9.266202011053604,-1.7025008504689878,-3.89988913562504,0
4.591615019690247,9.642425787245703,-2.3578562066540063,-0.19103960033420386,1
1.2660589623143905,3.169392373607999,-3.4530322833096294,-3.0112726466360544,1
0.8553958779833133,-1.8010039583661885,1.790418116810547,3.015762957658444,1
-0.34795679322997564,-3.9853695049611173,3.3977563632975816,0.0033846761537458248,1
-0.41566862409852645,-3.1145025941960007,4.097149392406948,-1.9733759810585059,0
2.931106504626992,6.331012062851773,-5.489257316046466,-2.28973932364664,1
0.18757889430776764,-2.822654999964812,2.155176566279167,0.22199801341217013,0
-0.3810033109809976,-3.625551035928251,3.8886467355632846,0.7455861238378786,1
3.7441875019053534,6.041964417526016,-4.946057427516567,-4.254081153216696,1
4.817030911805647,9.125100512964698,-7.426875852279088,-2.9294638324822593,1
-2.5241117904406782,-4.186374944195447,4.051848022663531,-2.7274090824150807,0
-0.8224437433978811,-3.774275107032687,8.062901420290025,0.8538360976763063,0
5.577601048343119,5.63982244971638,-0.013229229942012477,1.4917735738979925,1
4.2222023966027,9.477162478539304,-5.094571204591361,-2.9126643097483456,1
4.68365218978842,8.963853607835382,-0.4441645671617076,4.240318105625249,0
6.287393289176806,10.065026192943241,-2.1972199510712356,-1.7451515067338965,1
1.1357186462863962,-4.0593601586524155,-3.2228484873962797,-0.5077504113756536,0
-0.42871013781298706,-8.19353152200187,2.9068176435387363,-3.8017480080689228,0
1.1325149998305544,9.131836174853797,-4.023312285874647,-2.475949453414828,0
4.624862969637623,10.750532692281562,-5.500321080786058,-4.423145323410368,1
1.710627005457612,9.404762042312262,-2.565206100238632,0.5461733410998523,0
5.354435170909108,7.127430831817401,-2.8680082437272985,1.1412027499188877,1
3.113291294660301,6.732634163711101,-0.38943572059486,-1.7699754878562766,0
1.401792896947978,8.776263508117372,-2.722163016709417,-1.7379086173113507,1
-0.7072652777224049,-1.8046478191259245,6.226030857131535,-0.6728513754970966,0
1.5948639848173518,4.99500717842337,0.4017151603308027,-2.562194401569856,0
-1.7057082808747897,8.684341439003752,-3.650384431318637,-1.3395149734002625,0
-0.3165328091572127,-3.266200386500885,3.0603900265870143,-1.6660850174603588,1
5.560696133778194,9.608804981655458,-3.541935293337036,-0.9977699176361476,1
0.33553545381265326,-1.9952192631226335,6.537166285539882,-3.7889414463660183,1
5.927185029700848,9.174929856759144,-1.214139450585673,-0.400700410788315,1
3.086349433651274,8.197038463125928,-4.470933824830263,-5.665508656219604,1
3.3535541429507076,10.528980737247494,-4.648696630492266,-5.65402369708369,0
5.886324907054309,-5.059665971613754,0.08515506772109949,3.0047632067929038,1
2.4195532885212994,8.996665790482677,-2.1193365876287587,4.22579479305136,1
7.147580630751541,8.416804523349914,-5.028412497934019,-3.0302594322687826,0
3.423915072925899,-2.4995603946838614,2.3093938374626104,4.890669270547985,0
4.173105927236049,-5.769325838283424,6.849034142907572,-3.290781128021147,1
5.171201982414645,11.73230843311463,-5.719714404494608,-1.3515748082419645,0
0.9072649110646775,-3.051285016735348,5.189316408622786,-2.405982533876431,1
6.986124688514114,7.205975561493702,-1.9767883432645068,-1.504248983200355,1
-0.14373529780854688,-3.4039742911031254,5.52604869537211,-1.7854860090010556,1
8.01077299610661,7.053776003155209,-6.075132567694359,-4.474918408772801,0
-2.0995953475551294,-3.5427224052653714,7.794391533820526,0.9430861709444797,0
5.010873236838734,9.970393066285466,-3.3970916753253118,-1.4023661534843488,0
4.454791632275499,6.138258336713343,-4.3519715307763915,-5.22004718067313,0
7.782948602263,-6.275407069373408,1.5488830114075978,2.4310670393363996,1
3.422730226858391,-2.0665260654864155,1.2727390894991055,1.5875407317488728,1
3.5889755107855508,-3.4860800846447053,1.3138223090384964,2.200273588976279,0
0.3920317310655529,-1.2400433872009788,4.530678885298985,-0.41043265376254934,0
2.321170017978824,-0.8592175376619511,5.100788304109889,1.409000088237377,0
4.246850710130571,-4.009836815690635,-0.3027160164305225,3.1507435170960947,1
1.4833952735690226,11.225474487847679,-6.214588105114162,-2.449496129975447,0
2.1507021592159132,8.612889789926037,-0.3981108412632204,-0.08191380623464872,0
8.521375200476687,9.481007446790523,-3.758171090860665,-4.094820545528284,0
5.275308173998685,-1.9354504501160292,1.8851909429182705,1.4260865718899642,1
-1.4526051840897072,-3.016698033889333,7.382140111190721,-1.4714855448060185,0
0.4800754852249207,-6.505056133171536,5.065242777397212,-2.979393387581019,1
4.4661112324965755,5.358920867476823,-2.726960421353849,-0.4233825087242238,0
1.86266697275815,-1.0620129120581119,-0.20272673424467946,-4.099353462110067,1
-0.9713913597241859,-3.2344526005494294,4.470873905194323,-2.647815117764035,0
5.517977363285497,4.69054619435971,-4.246510781525161,-4.07251619561062,0
6.562772743976313,-1.214236558023225,2.294450068628035,-2.7947933067056163,1
0.5066524780895146,-3.9921401923942446,5.076548419067213,-0.09307334480143814,1
4.004863924134778,11.063165254242374,-1.211180253295316,-2.8003336581401266,0
4.0974635858935295,9.690878418099736,-7.8784740820193555,-2.2008817139616825,1
2.2501181762794515,9.689928582329479,-0.7416296561608418,0.20911605023994073,0
4.745651614062165,-6.139115470895009,2.3928864777005985,2.0153081531719046,0
-0.5000138011437263,-6.445547919798474,5.671166372580519,2.614060198532976,0
4.376708682892889,9.975810704230577,-5.586150609775509,-6.383111333338466,1
-1.222408871524669,8.335802016678745,0.06432796973236599,-3.308712203701068,0
-3.3639060956088342,-5.312509053833066,6.630681111854081,-1.662590253570277,1
3.379343748111633,10.481075172442944,-1.4815591397907388,-0.29579102109812583,1
1.7779490225313588,-4.332887080128576,6.091845884882067,-1.7771115423695951,1
4.575626749320239,1.3927605227256503,3.851102444571082,3.58509628048415,0
3.1718938884102963,6.808515837095083,3.0640158046555563,-2.593646064445791,1
6.373733777647496,-4.229175895273931,4.512570699324574,-0.3976274731725759,0
1.070389043151406,-0.23314698954954505,2.2840287390928333,1.7821110704589613,0
4.64834513727604,5.914868568638498,-3.9186933541237825,0.0888835707490947,0
5.260346536278813,9.513878964887972,-4.738865265727918,-1.5241373465932484,1
4.4920762743702625,12.010193764008683,-0.5401534184219603,-1.4836620197481718,0
3.015775334178148,10.506216464312924,-3.7754198702366817,-0.5371920277457465,1
-2.3424848083372267,-3.006926881371005,7.153316848244856,4.187017947061369,1
4.57238274705521,7.416261079383059,-7.270025485752624,-0.0265691817503535,1
5.900317042700366,6.008299176721142,-1.9046109591457494,1.2525809334923492,1
0.3484480040608231,12.43332098743696,-1.828901814928995,-4.175874439608962,0
5.9385457241606465,8.724999624770922,-2.8759367424409317,-2.087436891464715,1
1.8423929579824563,-1.017305001699466,6.774983178834162,-1.5617197120423112,0
7.436195672853106,5.793916974929887,-3.3276506995911883,-1.7598499272282508,0
3.125161142653151,9.505490692158991,-4.07113013297748,-3.945931207850624,1
2.3007281220995126,7.80221624443791,-1.0025843043319456,-0.13524376135780614,0
0.2375580338380412,8.128181698601946,-7.642283259050672,-2.5204486061125175,0
3.0975274681162954,8.052028794205288,0.7768986210484181,1.6577754047456414,0
5.7009797915697895,2.8164194048189977,-0.9998670335352009,1.4801742545728822,1
3.1176536256830207,6.25822373840446,-0.8078703934691192,-2.243328766304229,0
3.316395390494624,-7.040786946901837,-2.0735778137225,0.17450917269336197,0
-3.6672412300890773,-1.5913516521184956,2.9496696961709508,-1.7112926858552249,0
3.806241822910975,7.51152695524499,-2.1092906387220647,-3.2186616246580284,1
3.0556979502645008,-5.0624521457960014,3.594027761912617,2.1890806568881658,0
5.559584992517378,10.661531837187546,-5.371538803400451,-3.567870713832053,1
1.4017469898113972,-3.3495521038567806,2.9184446417331396,0.5514071331169136,1
1.8040606583840533,12.035149669206904,-1.1227053459721947,-0.40059804288525036,1
4.077285239889907,8.08837464553308,-2.678947063805534,-6.8806805301524525,1
-0.3809931308862168,-7.054475339724831,8.92590529497675,-3.238110078631873,1
6.717574107349477,6.808407965974464,-4.57472087179363,0.014003242423427376,0
0.8084950364779959,-2.9890914370680024,0.786275644819896,-0.36581828240442027,0
-0.6072091609487132,-5.834770907165512,7.807984036339131,-1.9963612445188783,1
-2.3358515475585184,-4.6364231204625215,8.34275344253258,-1.2541884430541432,0
3.1010952046614197,-6.590226599783239,0.7835718644270677,-2.251766428725696,1
-2.806887667940508,12.438162400712407,-3.007353683045863,-2.2805842420786533,0
2.0791994009014187,5.118160767775741,-4.17939951407036,-1.6814144932959232,1
4.997465944102856,7.4401334574586215,-2.9213823337058837,1.9209848863937786,0
-1.0659929012181129,-6.363308908209175,3.7414494376725758,-3.2412764141721255,0
4.463885572262632,-2.128365995954613,2.5155148016934348,-0.44660296079022316,1
7.955084186594753,5.951175083482262,-0.5065185612881069,1.3368728539446861,1
2.2216256876832103,9.373972353135928,-7.937420418876471,-1.2730802223980557,1
3.1329803923000776,9.547422314702718,-4.399782101231061,-4.387036594390782,1
-1.7817044101066788,6.941754545417419,-2.771822156775775,-7.856075994711752,0
-0.5686438330395402,9.721703793825322,-4.446032771030472,-1.5324867017073212,0
1.0434899896606011,-2.911893809514682,0.6717508087271002,0.39634848041091825,1
4.862885084440007,10.589214635798625,-3.6803926794005912,-6.358435137384875,1
5.971939389362856,-2.791327205218149,3.9081896531152713,-0.6265259601561313,0
-1.7742608601845005,-8.982657218592848,6.325964142485569,0.13616846725920617,0
5.55506362895478,9.420476726673886,-4.937724572160479,-4.467841217364779,0
4.350159521563314,6.389908524516004,-1.3067971080521377,-2.146396595168786,1
-1.1258314037195511,-4.7923943737372925,6.021946279962406,1.8982257990472298,1
1.8455966167025284,-7.135182139149769,6.7855271785207165,-1.2676894128168987,1
5.70909236031142,10.820687212518543,-0.73040543813392,-5.957446323329254,1
5.517198427237057,10.883622127874965,-4.796154075234833,-2.958504485353237,0
1.051002107532074,7.671308201228575,-0.46887215636643353,-1.6490924380000953,1
3.9289831245239917,-1.258152647326775,4.0996208523157325,1.4896871502427766,1
2.933472086591547,7.917031698499498,-4.767151149564489,-4.36166717826798,1
3.8454204165652333,11.570549324260007,-6.001777333509589,-8.238762687877259,1
-3.289413985722684,-4.052399813463656,7.830409765808628,-1.2180930270222956,0
5.278327628538406,8.554254075606357,-6.580587402151709,-1.8297992409086117,1
0.03504329561115965,-8.402730095231533,5.278497853071501,3.145964340674897,0
0.9583979675734488,-5.773959663279864,5.438180675712677,-2.017420188260004,1
5.864962939178277,11.700423600655268,-0.3813878615823669,-1.2757833246005152,1
3.78961846092955,-4.181118402754385,2.9875375674077436,-1.2742666816069734,1
3.521261464732235,6.1659529640581505,-1.5828199701861723,0.34919955870656116,0
3.1012458183580485,1.577306908848355,0.7717155942421132,0.28843925229913087,0
7.791025842462032,6.650276609143588,-3.486818015295048,0.016224948336183653,0
4.15780006797047,13.968076855743867,-0.5139353997652716,-2.249957885157723,0
7.166813336628416,6.222485813673071,-0.6629065681230255,1.5774588469076658,0
1.9887953033961625,10.533267540800548,-0.6190650818313257,-1.5401426244929162,1
0.34396536284713425,-7.412293873997598,3.596533158090074,-3.8613077298562355,0
0.6561035211742638,-2.9643054358861347,4.648796971390544,-5.765384901502359,1
0.8186630033949784,9.563012933738197,-3.651955454736153,-0.9041047590951705,0
5.430593282765242,6.852467906803142,-1.0196520897164658,0.20106354423404693,1
-2.2553784857223933,8.656943359203153,-4.923924760266527,-0.6120633715492336,0
2.913729328875224,9.908415676793979,-3.958055433116306,-4.128385580351575,0
3.246664584872752,10.748381483166579,-4.062188257170399,-4.028717614273713,1
-1.6281214628187057,-5.179392100609639,2.83613053214116,0.024806187519011647,0
3.749856187679947,8.052911277020401,-1.007476267222453,0.6336545414748356,1
5.335059970968438,7.315888790696819,-1.5576085524439307,-1.985616580442189,1
2.3237719073958285,-5.551375801015839,1.1445140618626155,-2.793325775368497,0
-0.35435133361521,4.85945904593936,-4.424623007911414,3.332278851115083,0
3.2896125216616428,8.365267574057768,-1.7818851161280809,-3.447256013457646,0
-0.4907110187932271,10.88407000338777,-3.9000261195730195,-2.5112697936548996,0
4.04115328313782,11.033122270191946,-3.471738585674376,-3.769058728807205,0
3.303103543860414,-6.667790871926526,4.326276426524223,-1.4206964922683536,0
3.478171548683528,-4.962846966822877,0.41201814236537615,1.8410168201739951,1
2.161860827074815,12.614893488960059,-5.923445471707026,5.220001223788545,0
1.2575679050838735,10.114941409465159,-2.47428591913044,-2.2053993889026358,1
0.1769145298963819,8.714457542283528,-0.7603147881356178,-4.011138214614739,0
1.751758301187527,4.930055425841147,0.2516816937772175,1.6367112206395245,1
3.446989627345425,8.335276887197331,-6.524494501258096,-3.2573731953331415,1
5.432643347031712,11.601757628250693,-5.564884295781472,-5.38707540471095,1
-4.279183871887934,-5.1772184465051385,9.977855128810166,-1.4501233332794163,0
2.3102249484674537,5.247301351609323,-4.905207470711955,-2.2322848468644443,1
5.7484091569036,11.809096975149867,-0.9462004490680576,-3.5741069485124513,0
4.996248734705207,-3.2597536998889383,1.878822250420413,-0.03615773533241286,0
0.09270365553888293,9.248113724927629,-2.1800192651843595,0.8850791467797199,0
3.246478547039508,7.151088450275335,1.302807641951241,-3.3180279044627703,0
4.338289022152006,6.272984142766627,-5.794319556506287,-4.694885165401329,1
6.133109606519189,8.986877265538185,-4.318964938915144,-2.680889513191855,1
1.39220476441318,-6.620769896538333,4.928164892115702,-3.29573598930262,0
2.816051594374324,-1.9991395807837296,3.9021940251109957,-4.576642226383926,0
3.7674947572115647,11.11205134025667,-3.3445543437731793,2.553850875376297,1
4.432790762758365,13.05780479153068,-2.443264697566108,-6.130687303262997,0
5.210586816080804,-5.639253098326003,-1.0333542476925714,3.4509818081950554,0
1.7555847304972243,-4.9126700525175035,1.7906102781358846,-3.8831471874821353,0
1.4035952977642334,10.330428172599483,-2.3835163170263574,0.7215106781492913,1
-0.5230310375982943,8.173043007139764,-4.37866654953361,-5.790377134839595,0
4.896806797257003,8.590654192066703,-4.246484765357044,-0.41356580645472896,1
2.5525695097841243,-4.43327476576605,4.342283196203269,0.10323183670245195,1
0.6553726877711552,-6.580215151020601,4.340407034168664,0.22633125424275324,1
6.227979810611345,-1.8317508739256567,-0.009203781405319633,-1.485678275441268,1
6.112645979913534,-3.898483667109274,2.8928368174544197,1.6555342924422525,0
2.973508001381235,11.82826478250467,-5.4969175701349515,-6.51557094159879,0
5.5310243557175065,7.250078065648667,-3.5156748512353984,0.22225113029773613,0
5.027730293482203,7.610729611166081,-2.2933851236321114,-0.21182663867622695,1
6.205786427693685,5.854276793718025,-5.5562476759214,-0.9680707892674116,1
0.9721974183832871,-0.12088108360346572,0.31859397330172134,-2.9927121282903193,0
1.700955637216838,-8.762661147582921,5.465763434019704,-2.2659716502900604,1
5.025615491698593,9.140019986700445,-4.455481705753437,1.7844133810561078,0
-0.2466501140513273,7.726471512211448,-1.2545251532364352,-2.4929277308908775,0
4.86320963697446,-1.1308287256431033,3.801647232476318,-2.3398276288188464,1
1.2007046444360352,-3.3396255191938033,4.955139273593552,-0.5112585693252911,1
3.028299378577622,11.197108972662768,-4.653518077411404,-6.765651413539185,1
2.603723315739928,-2.0922237836675057,0.21448639490884758,2.676040847668613,1
-1.5220474300276774,-4.903962025973824,3.516028987768573,-0.8119752445963748,1
2.821078211965208,9.755957024024928,-1.8681681288379224,-6.607468060380798,0
-2.04776166414907,-5.64927308085201,5.981694499186259,1.5853842075809506,1
2.4370078173938046,-2.3316104647957703,3.101470919592545,1.5631404261390858,0
3.035602924546942,9.140146508602767,-1.5314911400027147,-0.027770944612394377,0
1.1759710321386625,-4.360399344331151,4.678561873009123,2.1465230138041798,1
3.497327861145586,6.247771988709912,-0.95978577044984,-1.4185956319680784,0
9.187907992123609,9.374356083335968,-4.274491427045232,-1.5406466139031505,0
3.2442150234907428,-2.846986942753283,7.7846541958645155,-0.051688461881990166,0
4.328216190751715,6.033966747276263,-0.6502355060505873,-3.476621181440287,0
2.567733414154166,9.237491603821592,-3.901114885437913,-4.54719552120303,1
4.3556767045984675,7.501324761892477,-3.079381982755131,-4.5577031126180625,1
3.3505474620422584,10.210729168881413,-2.73985379415725,0.15877655343860475,0
0.0038325968618164175,-6.1975860600152615,4.7161064736435225,0.487674461632324,1
2.0031917453864776,-5.163156986642153,5.991346852890246,4.524478954011678,0
1.354757963414754,9.365947430498785,-4.5980087473184,1.6787173860664328,1
6.499711319239797,-3.0911334626905234,2.023520667633163,2.099852748479043,1
4.790524928908408,-5.103452109230965,1.517838526758239,-1.4381856854456692,1
7.491188143955233,8.452118485871722,-1.5879703807497974,0.5399218400636752,0
1.1135911836607644,7.041612830318531,-3.9542731031616896,-3.5509410180205543,0
5.428825516588612,5.9027687462126055,-4.817094385253849,-2.5231710341344917,0
0.4565381229930354,-5.1987580230469765,1.6165751861611102,-0.47359828520374125,1
2.750351487521775,7.934305296410379,-1.94696554249822,1.2450917170381224,0
4.267554424118295,-5.520518046701113,2.572043851568913,-4.047245029453082,0
3.3045246151670864,6.83006187672207,-2.6225464167201515,-3.5762342546716086,1
0.711312484125516,-5.707930620694055,4.682321251634286,0.23337470428020357,0
4.878984906843151,5.678171789092069,-6.697450535289082,-4.385600746491415,1
4.3343237958704695,10.644515992311296,-5.362367351003497,-2.441490340296477,0
4.455203148966228,11.000341576006594,-2.8534011121709324,2.110160335878749,0
1.3103033658737346,-1.1477433398473085,2.016040984895533,2.6193277347580604,0
5.050797993823398,10.196739700495606,-7.2585694907895,-4.994780366146829,1
1.5642314153473729,-3.5482988396751445,2.5019158083953514,0.023038287829198326,0
4.9130625336373726,-0.720275991677298,2.2476683594874336,2.1754335026071345,1
-0.44168811444233114,-3.9870172770844703,10.169759060589318,0.10855030809138067,0
4.490288965692201,9.527276926989291,0.030560510792503326,-0.9175652311880047,0
2.249994297476313,-4.537494329462244,4.475406545105223,-0.5276353849422182,0
-1.120296916490948,-6.205920722169594,3.658805403063276,1.5800741055547678,0
-0.9335651111331165,-4.350147263569367,3.0598985866161588,-0.2679166474144542,0
4.740695865215615,-2.75646213057013,1.8239412681539344,-0.14553700020038018,0
1.0720480688460614,-3.4644403693430257,5.358029312116067,-1.797909835116792,0
1.6550738461601147,8.387063532200276,1.109696803757989,1.2291639361633493,0
4.553735626295874,-4.615088876933746,2.4560651726365244,0.3882852964695127,0
0.7902308101794459,-5.45927975362452,5.713623967615643,0.007065774967871863,1
5.215265889618277,7.117050781205153,-5.903124885471701,0.6740908506076182,0
3.7104545994711677,-3.550509699499532,-0.1550678856495593,0.9486199804396124,0
-1.799180307680147,-7.986620373900042,5.499312255462128,1.4584658751261315,0
2.973738870550014,12.456365113797952,-3.0000842935699845,-2.72192859039789,0
4.690402002587771,8.804835666060185,-5.564218212424446,1.0136983611035313,0
1.8067602516574737,-5.254741085018946,0.6267263906388205,-0.1763059388682215,1
3.778684262811962,8.696386658307304,-4.666221640161089,-1.3736052322850965,1
5.536209645187062,8.45391872931716,-0.3404878472946611,-0.46236799144273893,1
2.2512700629800113,-1.2563255822793185,-1.192196859500401,2.94430800835747,0
3.9860509153559853,7.1853406038440255,-3.2625419441139254,0.39738044962231456,1
5.004403591598207,10.758473565403834,-4.445166522832053,-7.088759939561699,1
5.403331904971228,10.770591886153154,-7.319552880455317,-5.663342714035075,1
-0.5271745305428017,6.9561353387553755,-5.034804932010346,-2.466565193790366,0
5.253319136693971,11.772353439971624,-5.036377593957017,-2.227975191997862,1
2.8012922174673958,-5.688506243946944,5.561003552329968,-0.3876690543201896,1
3.6920880865123955,9.274164892603395,-3.7572554513917265,-4.115489060155555,1
5.045875264656761,-3.1514468192767238,4.92364641251233,-0.9903925709138769,0
-2.204553425853188,-3.57786407488348,7.974932140105713,-1.06143186683184,0
-0.5130297734472871,8.24350476592315,-4.537867744785565,1.774022283953307,0
2.108105993504293,-2.0451973571373894,-0.6576865006504335,1.9524764737889988,1
2.72524583493896,10.531341496076768,-2.9683012018809416,-0.9204618528880792,0
5.745194743743731,-5.714207854145002,0.2695463967018019,3.40277964914138,1
1.2972259278549716,0.3134583010079308,2.907091021788804,-0.3517120618434194,0
1.4740104646158054,-6.176339578845123,1.7379271830486953,-4.325489776217451,1
7.056759904853366,9.383437674234177,-0.9451920985461206,-1.1689249714751404,1
2.9143271583014174,8.08237230172048,-4.148921804320558,-2.7692147802664433,1
4.613918509722155,9.638842622037776,-0.6532794212350288,-2.1156946857985814,0
2.106125982230739,7.086582784099237,-3.0567015946461065,-0.6089059111179278,1
1.6436422025921074,-4.733737413335171,7.596861404605101,-3.25192521309266,1
6.670099562396118,7.983776885472859,-4.035993018418534,1.2847118847005081,1
4.2402266660326795,8.993074445000394,-3.729709207224468,0.3862118295222102,0
-0.6711700935089828,11.030924254462247,-3.535677670810214,-5.586295981566464,1
5.350436154402596,10.80939157908142,-2.2425717580409983,-3.2753970903085854,0
6.115746932427787,10.402230484822933,1.0049614727479712,-1.413625861027985,0
6.6766525445192055,7.651308968777678,0.07856647129493854,-0.47927448728894595,1
5.410388360602635,5.332721730450901,-3.7335890630870674,4.4376756156864445,0
1.3903501750201253,8.634141114232172,-2.1784991585456366,1.1782306077865556,1
3.849585206365373,8.017546887763105,-3.195838731571399,0.15199283321337465,1
4.02558387081899,10.854779310910304,-4.2587338964131725,-1.7321223995295316,1
1.4870972971424696,-3.5351153522790675,7.652682479553347,1.52189956057695,1
4.172892778148374,-10.228645608126953,3.578486244081059,-1.67624735618416,0
2.0581756696746467,-6.235127842715629,-4.584757882595416,2.4973554235059607,1
2.052089102103279,9.127503432799704,-2.897501196127841,-7.6590418486641205,0
4.477305291723775,13.079265493743678,-4.56610013676879,-6.105998882357207,0
5.258272483939137,-2.756836045200682,-4.054586042326427,-2.073237170040951,0
1.5654160324148645,-3.686809015793879,4.287703774577777,-2.7814656282261274,1
-2.433625305060596,-4.013404687837225,2.269750581084532,-2.91793586485835,0
6.372442048237563,11.327015037486218,-3.5146234968982912,-3.434342084795777,0
2.1332057706433636,-1.285667531880284,0.717461753842493,3.7253836615406395,1
0.09082482594005192,12.147982973193981,-5.386261174419375,-0.3300910385887002,0
4.760504310984501,-2.654262408703409,3.8622811032706994,-3.293902025237647,0
5.292662937359973,10.89693413927224,-2.5645035622719896,-0.3036363345857307,0
6.080858689108261,8.163971692661873,-0.27952683384671895,3.268715543999947,0
2.4592491890113632,-2.8851377140962917,1.9327233344381756,-0.07593349394742178,1
2.365429839628498,7.882903142720429,0.5708292249888056,-0.6407508291603984,0
2.834835404510686,7.141264098794172,-4.328027282432261,-1.2342131640660199,0
-5.0803395957179305,-4.644227880735535,3.438436489893949,-3.09044285156944,0
2.8389090398773167,6.82852617273302,-4.415215899644996,2.134860174276235,0
2.2484438355252108,-4.5223982804296305,2.469793249063587,1.6944310190021317,0
5.441972392097008,7.378837899866094,-1.14959410243852,-3.058480450362401,0
2.0577367693972732,-9.870287710762355,3.1318209335561216,-2.836925614682131,1
5.059102956286097,12.193990813855702,-3.5145297683562764,-0.597513311760588,0
4.181470415223362,-2.0202861344513035,1.3876036458838894,0.4555361199062047,0
-0.4809458314738816,-3.0538126943801016,2.953682941037754,-4.665705981418585,0
7.71619428616653,11.643478172134543,-3.5828111922315173,-2.486618469312596,0
5.005760995463483,9.881028022736935,-5.7544043963146,-4.769931809942319,1
2.6210422179900084,3.4830174852496913,-4.403907764747423,-3.0778258176068642,0
-0.1694992503449625,-6.781285300569204,3.744952458727117,-0.9240075726328425,0
5.238760121853674,8.347644710991453,-2.8969545173219355,-3.0766443497695635,0
2.2049754034449176,-3.4424629502481476,1.773180054866385,2.108315358391337,1
5.002546754305569,-0.4655385775883243,2.590939702521756,-4.879170998790707,1
5.05453125310742,6.763899115738429,-5.892978266720757,-4.620831398726003,1
-0.4335690609428289,-3.695300884654401,5.152935171177315,0.4902904143918786,1
4.497915790234436,6.509180573129042,-4.479400106559395,-2.7198121749679833,1
-0.9465964679117391,-6.208458403778962,6.947249024240428,-3.5412217940141075,0
4.446930046363644,9.241495214023436,-3.2015947619168257,-3.459167690120351,0
-3.487165156662129,-3.694808212977125,5.4555969854262525,-2.3135982874223515,1
2.0612794442475972,4.765791950304337,-2.459812701744583,-1.669853793943609,1
2.50396469029468,-2.21513841584649,-0.5072144576286397,0.022193447649363887,0
3.3666116550664125,-3.3751997507320555,1.9454725366973622,-2.5655557848698556,0
4.990500955272855,7.823702366774174,-0.8544372456038638,-2.7112882814320134,0
4.254743377159385,9.593778561071002,-3.5303273695927806,-0.9181691764565953,0
2.6655768029081957,-3.7106507799229194,1.2913282666730597,-2.0844304734531898,0
4.784466888620997,-3.055385640957733,-1.444723133306359,3.3411911362664317,0
4.504925128372121,5.798639950379544,-4.482111450630983,-4.660768229252161,1
3.5806652289226957,9.914190518299604,-1.8452875920914962,-2.500961250783936,1
9.543339380926092,10.270913971963875,2.3648158337990446,-0.46319482801636574,0
5.317840185137752,5.814110112199895,-0.6024187780178378,-5.003062275552156,1
7.198748964616228,7.821031821922203,0.8712434449438282,-2.720146440537896,0
2.305064162127221,6.657667606856158,-2.394313706070878,-4.913642249625147,0
3.979239443698367,-4.352983930246196,5.6084831729590086,0.4331780350537252,0
3.84296982384671,-0.5769803835168812,4.11379700445465,-1.505533462118831,0
1.1464619659377928,-2.255077988093066,2.346556630334231,0.2993908444839196,1
2.8231738941009032,9.858182766556146,-6.854426891148021,-3.2272208228910584,0
0.6898297610068888,-6.084936297818688,1.619274911996441,2.6223488653736307,1
1.0725473160336287,9.555041794921308,-3.5498053633311306,-5.272336879288355,0
-0.4937424824425609,-3.3723118012205253,2.415988277696826,-2.270169986995202,1
4.530198381406045,6.540430517669275,-3.4751360258280393,-6.959573774597135,0
0.3262235187487166,10.84605317896,-3.831677506307538,0.8646521103271003,1
5.459609666114131,1.171746167070837,0.9332157109642073,-6.588651192975187,0
3.4780751275483865,10.604696841455851,-6.9363915211994245,-0.9962755638955865,1
3.4870450701729307,6.516777921134274,-4.372007845003987,1.2593406128263835,1
3.0476156284180025,10.967074100066704,-3.3077723313141494,-1.082570427824622,1
6.221574744524268,10.586710336173336,-6.395683733098872,1.7193004253214688,1
5.476510993414161,6.859563767577129,-6.049073340785295,-6.804702860359985,0
4.960552675019473,10.915635782475354,-5.032170350719578,-2.496666325824356,1
4.929226293577089,-6.2114686794214915,1.5327951905940156,-0.3586628955556608,1
2.9065865208843533,-2.698805323450841,1.5501327422505582,4.015872394522576,1
3.4016542518330364,6.7668938259914535,-1.5372798869798225,-1.4356889643562654,1
2.7300203322950796,9.657550876845928,0.9301895250832435,-1.3812552992116582,1
2.902821288462393,8.179358421483846,-6.519521973991207,-4.704433403088219,0
3.6467428737861525,11.21920634299443,-4.230033010502021,-4.944675009120395,1
3.85578673594555,-1.8407724711503715,3.494570164620752,-3.4489119247404023,0
3.561325794406525,9.676827991967517,-2.825575530331425,-0.7565638561746315,0
4.7416475324871445,-1.9872083693558564,6.412042551006099,-5.345487700198952,1
5.439844545941732,10.149318630248974,1.1504902352250053,-1.4250318603632564,1
-0.045666271899019895,-6.311237316037886,3.4916674940255144,-0.36414083588323787,1
0.7231600033233994,-4.503042486363975,-2.6473544889899,-1.4587327250962665,0
0.1987285459304915,9.543296892768613,-5.135252219046208,-1.1628290551852125,1
0.5932821680054685,10.143887159861874,-1.730212035383488,-4.8680858203797275,0
3.74744603234976,12.317388121363274,-4.62483525572156,-6.176493365030141,0
3.7771252468141574,7.755866012645656,0.7526396651302361,-5.623581050781956,1
-2.440686479086237,-5.941316199862025,6.111473643670043,0.4725188054946562,1
4.622241864911743,10.450784883118969,-8.795100185732865,1.3754225961655646,0
-3.420216561122816,-4.886012255941986,2.042629770804189,-0.8759610934523919,0
3.727718625865238,10.3966795122705,-3.7610529212876713,2.907241740373742,1
4.415698922489391,13.613297375448607,-5.7828294271028815,-0.22277376367515078,1
5.699280293568247,10.837972661398776,-5.644490096419949,0.0526395170675058,1
-0.2483282344809421,8.367377008700718,-7.542255306746556,0.260551261782779,1
1.813888916095327,11.458142730762965,-3.1496127735007278,2.047780583949326,0
5.743515285004968,0.1958896512050301,-1.7499772742957251,-3.3279149716141507,1
3.013600262489708,-8.323375490919155,4.617961317900841,0.261007189308086,1
4.662892849458135,8.330782034741793,-4.835647887654542,1.648530728482759,0
2.09813591303736,9.787460746963612,-3.913371451036685,1.1570767131736,1
3.6726488601533367,6.046155990057718,-3.4006004216195564,-5.093508901809473,1
-1.424154171238586,-3.1342800952968988,3.8008135181752833,-5.131554358676315,1
4.960574952241602,12.333088784504053,-3.3177865532561617,-2.7827890894429186,0
7.661774585317412,-2.865925076827516,4.094644527323263,0.18356033756863543,1
2.7021620746606487,-8.238047783699812,3.294975162660921,1.1333732563177268,1
-0.8054876112142126,-3.1818596926083353,4.974960228399185,-0.7910811099779604,0
4.7841421958357815,7.286309083839759,-6.531684745043538,1.1395160597943885,0
4.504731971750289,-5.30785362973652,4.103804858906874,0.7383427182716243,0
3.900903348431793,8.796149262377561,-1.1807391878708142,-2.1346977548497987,0
7.581750466888038,9.950831184100357,-3.2346535377397236,-4.488625169171895,1
3.6496099347427613,9.79367575001383,-3.9900894596760947,2.663407068294684,0
7.9196047378738115,1.4815358168289476,-0.3174943071311396,0.08898004820480138,0
4.867199880706233,9.49192596431924,-4.5368223367354785,1.9129961104735873,0
4.429431162631439,8.43528132360043,-2.170554120970668,0.12951315573865296,0
5.242410612905766,-3.525513660414772,0.21655382499124576,-1.179916684054061,1
-0.4616530775805471,-5.28055904189715,3.636012327653549,2.9824753724515523,1
5.984237332710874,11.806943574625196,-2.6247786554863666,-0.16433614819232178,1
4.296507304872039,-4.431439130964415,5.344972459810384,1.7297951987296116,0
-2.998992295954459,-2.688735706645326,1.373270547894439,-1.602840995225503,1
5.367465735150915,13.518485629366133,-1.8466299060930471,-1.0088432484155478,0
0.3571545185509608,7.975057251497554,-4.3570269724759685,0.996180955371579,0
7.555433925016507,8.587811946063317,-0.30787915963136303,-2.55998414125052,0
-2.348308041779765,-4.90291846523505,5.084192492386098,-4.436992723186358,0
3.9636362225119393,8.940506450471428,-1.2503347788519321,-0.020117855094069048,1
3.1884695007272477,7.37587851059461,-0.05262718899707286,-3.448002743674434,0
5.656736735635839,8.329087161558606,-4.588867243099472,-2.843651857804271,1
6.553034483408119,7.077975485927956,-5.310507184929488,-2.402546421917702,1
1.5998983904324124,-4.690534604385706,3.6608658875005187,-0.49888581365599216,1
2.4745672076751966,2.0208956092429604,4.370355957293064,1.1545062944069238,0
4.349604143111497,-2.035485860437765,1.8510399202463084,-3.369159231692999,0
-0.4954533868468147,-5.657800929023465,3.0843678294110033,0.039491652812092215,0
4.77372031391072,0.8729247702028915,2.3421089042663072,1.759744893074145,0
2.793112513050482,9.52808515597265,-1.9177837315839028,0.32787487218961453,1
1.1259503362745495,6.5009445402526325,-3.8775035007179435,-1.7902459532088477,1
4.963607085068663,8.283825454170113,-3.245475792549101,-5.280494917954486,1
5.294782448903663,9.969813560984615,-0.766897631061993,-2.1463931262469207,0
9.09559787072354,-1.833702288623237,3.0583384375711784,-1.4396443735536855,1
1.9303468697046782,7.4771918063616205,-2.3704748651868015,-5.133637512354181,0
1.8038147666621707,1.5437171160663263,3.8315806012537097,0.8039322381070726,1
7.490850593474722,10.27800815946295,-3.816689379491093,-0.19152089411140016,0
4.722673452501052,9.66133976235175,-5.552774806080553,-0.7255839099303438,0
-0.5273965155955114,-4.476130258105458,2.3034577094444186,1.0695608722559342,1
0.6086123006079762,8.53534482788356,-6.821763774509779,-3.269633629733906,1
5.129407415469142,-3.2584975867536476,4.4166133445348645,1.4110393995793062,1
7.873633360018347,12.134922923685453,-2.878826127157887,-3.8423859474151376,0
-1.032314156834599,-4.273735731195561,5.259408647071764,-1.3558231191561185,0
1.3446203761463131,7.422690420353628,-5.830579576816668,-2.0753999249677557,1
2.68849006234616,4.014836644317304,-4.741063051928037,1.9161362737641827,1
-3.621036531326776,-6.145207700495442,4.998669793064758,-2.042277453980233,0
7.123660004103689,5.946225282619914,0.27244596081237615,-1.5753241745289135,0
3.5513628279070777,9.98812363172981,-3.679423885504919,-0.7370369560493876,0
1.2673755122255632,11.971330121941127,-3.214969227658409,-1.8089297188328985,1
0.374265948795455,-9.010325213698168,4.324413620976434,-1.7342844880573787,1
-2.398342976815713,-3.6667883180774954,4.440971083729112,-2.568348681349895,1
5.1284349468421855,8.865752630199536,-4.141966762432961,-4.9308218690178265,0
4.185681154330793,-5.076872771652125,0.32047564632383674,0.22862234519662517,0
5.958711248867697,5.615648768387725,-4.251473350563197,-2.8828960473383827,1
-0.7218207202101938,-2.833942378667995,3.440907736185153,-5.3427019445878905,1
-0.042775388584192775,-3.2771516601485664,4.030770236191607,1.2962471217562608,0
